doi,title,num_citations,author_count,u_rank,self_citations,upstream_influential_methodology_count,citationVelocity,influentialCitationCount,references_count,openaccessflag,normalized_citations,influentialReferencesCount,reference_background,reference_result,reference_methodology,citations_background,citations_result,citations_methodology,citations_next,coCite2,coCite3,reading_score,subjectivity,sentiment,num_hypo_tested,real_p,real_p_sign,p_val_range,num_significant,sample_size,extend_p,funded,avg_pub,avg_hidx,avg_auth_cites,avg_high_inf_cites,age,Venue_Citation_Count,Venue_Scholarly_Output,Venue_Percent_Cited,Venue_CiteScore,Venue_SNIP,Venue_SJR,Venue_subject_code,Venue_subject,y,score1,gender,table,figure
10.1257/aer.101.2.470,Reference Points and Effort Provision,465,4,2,0.086956522,2,56,110,111,1,42.27272727,2,9,0,4,277,49,109,219,943,442,23.97,0.505714286,1,19,0.001,0,0,11,0,1,0,98.75,36.75,11881.5,1004.25,11,7024,467,88,15,7.901,20.361,1,Social Sciences,0,0,0,5,1
10.2307/2601236,Lifting the Veil of Secrecy from Monetary Policy: Evidence from the Fed's Early Discount Rate Policy,5,0,2,0,0,-1,-1,0,0,0.227272727,-1,-1,-1,-1,-1,-1,-1,0,0,0,0,-1,-1,0,1,0,0,0,0,1,0,-1,-1,-1,-1,22,759,298,62,2.5,1.525,1.796,1,Social Sciences,1,0,-1,-1,-1
10.2307/2601238,Variability in the Effects of Monetary Policy on Economic Activity,14,0,2,0,0,0,1,25,0,0.636363636,0,0,0,0,7,1,5,8,30,11,39.16,0.333333333,1,0,1,0,0,0,0,1,0,15,8,276,10,22,759,298,62,2.5,1.525,1.796,1,Social Sciences,1,0,0,0,0
10.3386/w11591,Evidence that Seat Belts are as Effective as Child Safety Seats in Preventing Death for Children Aged Two and Up,4,1,2,0.08,0,-1,-1,0,0,0.266666667,-1,-1,-1,-1,-1,-1,-1,0,0,0,30.54,0.355128205,0,5,1,0,0,0,0,1,0,-1,-1,-1,-1,15,2443.63879,409.3111557,52.16094699,3.242881769,0.98393103,0.66700981,1.900272014,,1,0,-1,-1,-1
10.1257/aer.103.7.3102,"Taxes, Cigarette Consumption, and Smoking Intensity",19,0,2,0,0,0,4,10,1,2.111111111,1,5,0,1,12,4,5,15,104,26,34.05,0.451515152,1,0,1,0,0,0,0,1,0,59,16,2166,230,9,2443.63879,409.3111557,52.16094699,3.242881769,0.98393103,0.66700981,1.900272014,,0,0,0,0,0
10.1257/00028280260136381,"Technological Change, Technological Catch-up, and Capital Deepening: Relative Contribution to Growth and Convergence",410,0,2,0,0,29,78,37,1,20.5,0,1,0,0,215,44,123,59,407,188,1.4,0.166666667,1,0,1,0,0,0,0,1,0,39.5,12.5,2304.5,183.5,20,7024,467,88,15,7.901,20.361,1,Social Sciences,1,0,0,0,0
10.1086/261930,Evidence on Adverse Selection: Equilibrium Signaling and Cross Subsidization in the Insurance Market,160,0,2,0,0,6,16,23,0,8,0,1,0,0,113,13,20,65,5,0,10.53,0.235,0,0,1,0,0,0,0,1,0,49,15,1267,92,20,4225,322,85,13.1,7.204,18.476,1,Social Sciences,0,5,0,0,0
10.1086/467988,"Crime, Deterrence, and Right-to-Carry Concealed Handguns",348,14,2,0,0,16,25,55,1,13.92,0,0,0,0,126,12,34,128,202,133,42.72,0.41974359,0,0,1,0,0,0,0,1,0,34.5,15.5,2938,170.5,25,89,95,39,0.9,0.719,0.483,1,Social Sciences,0,10,0,9,0
10.1257/aer.91.5.1369,The Colonial Origins of Comparative Development: An Empirical Investigation,5358,16,0.95049505,0.132352941,0,-1,-1,14,0,255.1428571,-1,-1,-1,-1,-1,-1,-1,0,0,0,36.59,0.420714286,0,0,1,0,0,0,0,1,0,-1,-1,-1,-1,21,2443.63879,409.3111557,52.16094699,3.242881769,0.98393103,0.66700981,1.900272014,,0,0,-1,-1,-1
10.1257/aer.98.4.1591,The Cycle of Violence? An Empirical Analysis of Fatalities in the Palestinian-Israeli Conflict,100,0,2,0,0,8,10,28,1,7.142857143,0,1,0,0,54,11,12,67,178,34,35.2,0.436,0,0,1,0,0,0,0,1,0,42.5,20,4355.5,293,14,2443.63879,409.3111557,52.16094699,3.242881769,0.98393103,0.66700981,1.900272014,,0,0,0,0,0
10.3386/w12153,The Diffusion of Development,21,2,2,0.054545455,0,-1,-1,0,0,1.4,-1,-1,-1,-1,-1,-1,-1,0,0,0,12.87,0.291269841,1,1,1,0,0,0,1,1,1,-1,-1,-1,-1,15,2443.63879,409.3111557,52.16094699,3.242881769,0.98393103,0.66700981,1.900272014,,1,0,-1,-1,-1
10.2307/145846,The Distribution of Economic Losses Among Displaced Workers: Measurement Methods Matter,3,0,2,0,0,0,0,6,0,0.1875,0,0,0,0,1,0,0,9,9,2,32.26,0.271428571,0,0,1,0,0,0,0,1,0,69,17,1363,58,16,2443.63879,409.3111557,52.16094699,3.242881769,0.98393103,0.66700981,1.900272014,,0,0,0,0,0
10.3386/w13910,NBER WORKING PAPER SERIES THE DYNAMIC BEHAVIOR OF THE REAL EXCHANGE RATE IN STICKY PRICE MODELS,0,10,2,0.107142857,0,-1,-1,0,0,0,-1,-1,-1,-1,-1,-1,-1,0,0,0,53.31,0.398739496,1,2,1,0,0,0,0,1,0,-1,-1,-1,-1,12,2443.63879,409.3111557,52.16094699,3.242881769,0.98393103,0.66700981,1.900272014,,0,0,-1,-1,-1
10.1257/aer.97.1.354,The Economic Impacts of Climate Change: Evidence from Agricultural Output and Random Fluctuations in Weather,653,0,2,0,0,58,37,26,1,43.53333333,0,3,0,1,152,21,61,10,224,74,0,-1,-1,0,1,0,0,0,0,1,0,141.5,39.5,11578.5,776.75,15,2443.63879,409.3111557,52.16094699,3.242881769,0.98393103,0.66700981,1.900272014,,0,0,0,0,0
10.1016/j.jpubeco.2010.06.002,Property Rights for the Poor: Effects of Land Titling,289,23,2,0.054545455,0,42,18,60,1,24.08333333,4,19,2,1,217,13,8,178,1142,466,31.92,0.465625,0,0,1,0,0,0,0,1,0,86,26,4802,309.5,12,3722,522,75,7.1,3.561,5.089,1,Social Sciences,1,0,0,9,0
10.2307/1885668,The Effects of Taxation on the Selling of Corporate Stock and the Realization of Capital Gains,82,0,2,0,0,-1,-1,0,0,5.125,-1,-1,-1,-1,-1,-1,-1,0,0,0,0,-1,-1,0,1,0,0,0,0,1,0,-1,-1,-1,-1,16,3811,161,86,23.7,12.035,31.348,1,Social Sciences,0,6,-1,-1,-1
10.1002/jae.764,Health care reform and the number of doctor visits‚Äîan econometric analysis,106,1,2,0,0,7,27,25,1,5.888888889,0,5,1,1,76,12,58,38,17,6,43.53,0.405454545,1,0,1,0,0,0,0,1,0,160,41,7817,463,18,225,112,56,2,0.872,0.483,1,Social Sciences,1,0,0,0,0
10.1086/261892,The Rising Price of Husbands: A Hedonic Analysis of Dowry Increases in Rural India,175,0,2,0,0,11,45,13,0,6.034482759,0,0,0,0,182,15,27,8,83,15,54.26,0.413095238,1,0,1,0,0,0,0,1,0,143,40,9412,666,29,4225,322,85,13.1,7.204,18.476,1,Social Sciences,0,0,0,0,0
10.1086/261649,"An Accurate Measurement of the Crowd-Out Effect, Income Effect, and Price Effect for Charitable Contributions",211,0,2,0,0,5,23,12,0,10.55,0,0,0,0,149,13,22,138,25,9,24.07,0.325,1,0,1,0,0,0,0,1,0,40,15,1293,83,20,4225,322,85,13.1,7.204,18.476,1,Social Sciences,0,0,0,0,0
10.1111/j.1744-7976.2011.01226.x,New Evidence on the Impact of Index Funds in U.S. Grain Futures Markets,57,2,2,0.121212121,0,0,11,34,0,5.181818182,0,3,0,0,44,14,12,49,312,182,56.49,0.336623377,0,0,1,0,0,0,0,1,1,315,34,5464,337.5,11,1139,132,77,8.6,2.98,2.589,1,Social Sciences,0,0,0,3,4
10.1016/0304-405X(82)90004-6,A Case Study of Performance Evaluation Issues,132,2,2,0,0,0,9,39,0,6.6,0,0,0,0,64,6,15,129,14,1,0,-1,-1,1,1,0,0,0,0,1,0,64,27,7120,470,20,2443.63879,409.3111557,52.16094699,3.242881769,0.98393103,0.66700981,1.900272014,,1,0,0,8,2
10.3386/w9873,Are Emily and Greg More Employable than Lakisha and Jamal? A Field Experiment on Labor Market Discrimination,132,2,2,0,0,-1,-1,0,0,8.8,-1,-1,-1,-1,-1,-1,-1,0,0,0,46.27,0.388768116,0,6,0,0,0.472,2,4890,1,0,-1,-1,-1,-1,15,2443.63879,409.3111557,52.16094699,3.242881769,0.98393103,0.66700981,1.900272014,,0,3,-1,-1,-1
10.2307/145539,"HOUSEHOLD HEADS, OR",30,0,2,0,0,0,0,9,0,1.875,0,0,0,0,13,1,2,63,0,0,25.12,0.342857143,0,0,1,0,0,0,0,1,1,108,27,6618,246,16,2443.63879,409.3111557,52.16094699,3.242881769,0.98393103,0.66700981,1.900272014,,0,10,0,5,3
10.1162/rest.90.2.275,Estimating the Variance of Wages in the Presence of Selection and Unobserved Heterogeneity,42,15,2,0.17721519,1,0,6,83,0,3,5,14,4,6,38,8,10,23,157,64,4,0.6725,1,0,1,0,0,0,0,1,0,36,12,771,73,14,2286,251,82,9.1,4.484,8.245,1,Social Sciences,0,0,0,4,0
10.1257/aer.104.9.2593,Measuring the Impacts of Teachers I: Evaluating Bias in Teacher Value-Added Estimates †,448,29,0.930693069,0.073113208,3,97,162,33,1,56,3,8,4,4,374,80,190,420,3002,1368,39.16,0.353333333,0,4,0.001,0,0,2,0,1,0,93,37,13046.66667,1628.333333,8,2443.63879,409.3111557,52.16094699,3.242881769,0.98393103,0.66700981,1.900272014,,1,52,0,6,5
10.1257/000282804322970823,Vertical Relationships and Competition in Retail Gasoline Markets: Empirical Evidence from Contract Changes in,217,15,0.920792079,0,0,-1,-1,6,0,12.05555556,-1,-1,-1,-1,-1,-1,-1,0,0,0,38.55,0.471491228,0,0,1,0,0,0,0,1,0,-1,-1,-1,-1,18,7024,467,88,15,7.901,20.361,1,Social Sciences,0,1,-1,-1,-1
10.1016/S0165-1765(01)00402-5,Long run real exchange rates: evidence from Mexico,7,1,2,0.083333333,0,0,0,13,0,0.35,0,0,0,0,6,0,2,4,0,0,29.55,0.242857143,1,0,1,0,0,0,0,1,0,24,9,295,16,20,5172,1619,54,3.2,1.085,0.683,1,Social Sciences,0,0,0,3,1
10.1016/j.eneco.2016.03.014,'Nonlinear causality between crude oil price and exchange rate: A comparative study of China and India' -A failed replication (negative Type 1 and Type 2),27,2,2,0.036363636,17,0,0,59,0,4.5,18,28,5,30,3,0,3,17,78,31,35.71,0.32,0,2,1,0,0,0,2,1,0,36.5,16,1398.5,97,6,18416,1632,83,11.3,2.347,2.549,1,Social Sciences,0,0,0,9,3
10.1002/jae.623,JOURNAL OF APPLIED ECONOMETRICS,494,3,2,0.037037037,7,29,119,28,1,23.52380952,7,14,3,13,244,52,252,65,111,42,29.04,0.460969388,0,0,1,0,0,0,0,1,1,92.66666667,25,4794,489.3333333,21,225,112,56,2,0.872,0.483,1,Social Sciences,1,1,0,2,1
10.1002/jae.1020,Rough and lonely road to prosperity: a reexamination of the sources of growth in Africa using Bayesian model averaging,138,0,2,0,3,10,41,78,1,9.857142857,8,34,5,7,81,12,48,69,605,240,37.5,0.552380952,1,0,1,0,0,0,0,1,0,83,21.5,3195,315.5,14,225,112,56,2,0.872,0.483,1,Social Sciences,1,0,0,0,0
10.1002/jae.1046,Jointness of growth determinants,68,0,2,0,0,7,22,105,1,5.230769231,14,0,0,0,47,8,39,52,274,121,21.6,0.4875,1,0,1,0,0,0,0,1,0,47,16.5,3052.5,244,13,225,112,56,2,0.872,0.483,1,Social Sciences,1,0,0,0,0
10.1080/10242690210963,DEFENSE SPENDING PROMOTES AGGREGATE OUTPUT IN THE UNITED STATES-EVIDENCE FROM COINTEGRATION ANALYSIS,70,1,2,0,1,0,24,14,1,3.5,1,9,3,4,42,20,25,7,30,8,26.81,0.487954545,1,0,1,0,0,0,0,1,0,59,17,1118,119,20,614,210,74,2.9,1.175,0.515,1,Social Sciences,0,0,0,2,0
10.1002/jae.3950100404,MULTIPLE REGIMES AND CROSS-COUNTRY GROWTH BEHAVIOUR,700,2,2,0.047619048,1,32,106,23,1,25.92592593,1,3,0,2,526,55,230,45,233,106,42.72,0.342045455,1,0,1,0,0,0,0,1,1,160.5,40.5,12648,837.5,27,225,112,56,2,0.872,0.483,1,Social Sciences,1,0,0,3,3
10.1002/JAE.3950030205,Asymptotic theory and econometric practice,19,0,2,0,0,0,2,28,1,0.558823529,0,1,0,0,14,0,2,1,0,0,14.83,0.193824803,0,0,1,0,0,0,0,1,0,217,58,25683,2073,34,225,112,56,2,0.872,0.483,1,Social Sciences,1,0,0,0,0
10.1086/261674,A Theory of Career Mobility,357,0,2,0,0,23,50,9,0,17.85,0,0,0,0,289,24,43,156,35,6,9.08,0.405714286,1,0,1,0,0,0,0,1,0,109,37,14373,1104.5,20,4225,322,85,13.1,7.204,18.476,1,Social Sciences,0,0,0,0,0
10.1111/1467-8462.00207,The Impact of Children on the Lifetime Earnings of Australian Women: Evidence from the 1990s,25,5,2,0.052631579,0,0,6,8,1,1.19047619,0,5,1,0,24,3,3,12,25,8,50.16,0.3,1,0,1,0,0,0,0,1,1,81.4,14.8,1263,77.8,21,188,154,47,1.2,0.715,0.252,1,Social Sciences,0,0,0.721928095,6,2
10.3316/ielapa.200110708,Australian National University Centre for Economic Policy Research DISCUSSION PAPER THE FOREGONE EARNINGS FROM CHILD REARING REVISITED,0,5,2,0,0,-1,-1,0,0,0,-1,-1,-1,-1,-1,-1,-1,0,0,0,0,-1,-1,0,1,0,0,0,0,1,0,-1,-1,-1,-1,0,2443.63879,409.3111557,52.16094699,3.242881769,0.98393103,0.66700981,1.900272014,,0,0,-1,-1,-1
10.3386/w5214,Fiscal expansions and adjustments in OECD countries,70,0,2,0,0,6,54,0,1,4.666666667,-1,-1,-1,-1,168,16,38,199,25,11,-7.2,0.506018519,0,0,1,0,0,0,0,1,0,198.5,72,39123.5,3696,15,2443.63879,409.3111557,52.16094699,3.242881769,0.98393103,0.66700981,1.900272014,,1,0,0,0,0
10.1086/298261,"""Overeducation"" in the labor market",387,0,2,0,0,24,74,15,0,19.35,0,0,0,0,387,43,73,179,9,2,15.34,0.245833333,1,0,1,0,0,0,0,1,0,51,19,4037,250,20,2443.63879,409.3111557,52.16094699,3.242881769,0.98393103,0.66700981,1.900272014,,1,0,0,0,0
10.2307/145998,The impact of surplus schooling on earnings: Some additional findings,243,0,2,0,0,16,37,6,0,15.1875,0,0,0,0,166,17,106,152,7,4,22.41,0.3203125,1,0,1,0,0,0,0,1,0,28.5,9,905.5,67.5,16,2443.63879,409.3111557,52.16094699,3.242881769,0.98393103,0.66700981,1.900272014,,1,6,1,0,0
10.1037/0022-3514.56.2.161,Mental Simulation of Causality,244,1,2,0.115384615,0,0,5,21,1,7.393939394,0,2,0,1,59,5,6,6,824,772,47.01,0.414814815,0,6,0.001,-1,0.049,5,70,0,0,120,35,8082.5,464.5,33,5094,447,88,11.4,3.813,3.697,1,Social Sciences,0,0,0,2,1
10.1037/a0016797,Compression in Visual Working Memory: Using Statistical Regularities to Form More Efficient Memory Representations,153,4,0.95049505,0.026666667,4,17,11,74,1,11.76923077,16,49,2,8,81,12,18,26,210,71,31.62,0.481415344,0,0,1,0,0,0,0,1,0,170.6666667,31.66666667,6395.666667,464,13,3747,469,83,8,2.47,2.316,1,Social Sciences,1,0,0.918295834,0,9
10.1177/0956797610377341,Independent Sampling of Features Enables Conscious Perception of Bound Objects,33,2,0.95049505,0.142857143,0,0,4,28,0,2.75,1,17,0,0,21,8,3,13,100,15,15.81,0.567410714,0,0,1,0,0,0,0,1,0,140.5,31,5209.5,315,12,6809,580,83,11.7,3.537,3.02,1,Social Sciences,1,1,0,0,8
10.1016/j.jesp.2010.05.025,Why don't we believe non-native speakers? The influence of accent on credibility,250,2,2,0,0,39,25,20,1,20.83333333,1,15,0,0,174,18,13,49,323,83,50.97,0.402380952,0,0,1,0,0,0,0,1,1,82,30.5,5698.5,288,12,3013,504,78,6,1.946,1.825,1,Social Sciences,0,6,0,0,2
doi:10.1006/cogp.2001.0748,Does Language Shape Thought?: Mandarin and English Speakers' Conceptions of Time,0,1,0.96039604,0.076923077,0,-1,-1,0,0,0,-1,-1,-1,-1,-1,-1,-1,0,238,66,52.83,0.342982456,0,0,1,0,0,0,0,1,0,-1,-1,-1,-1,0,684,117,85,5.8,1.782,1.647,1,Social Sciences,0,21,0,0,12
10.1016/j.jesp.2007.06.005,Blonde like me: When self-construals moderate stereotype priming effects on intellectual performance q,29,7,2,0,0,0,2,42,1,1.933333333,3,20,4,3,8,1,1,4,53,13,25.29,0.330208333,0,6,0.001,-1,0.039,6,7590,0,0,21.33333333,7,197,11,15,3013,504,78,6,1.946,1.825,1,Social Sciences,1,0,0,2,0
10.1111/j.1467-9280.1990.tb00227.x,SENSITIVITY TO THREE-DIMENSIONAL ORIENTATION IN VISUAL SEARCH,105,2,0.663366337,0.105263158,0,0,7,20,1,3.28125,0,12,3,1,60,11,10,17,116,60,35.47,0.382010582,1,10,0.05,0,0,9,0,1,0,224,48,12117.5,861.5,32,6809,580,83,11.7,3.537,3.02,1,Social Sciences,0,0,0,0,3
10.1038/nature01647,Action video game modifies visual selective attention,1394,2,2,0.04,0,92,186,27,1,73.36842105,0,4,0,2,1068,159,166,145,936,310,0,-1,-1,0,1,0,0,0,0,1,1,166.5,48,14122.5,893.5,19,338611,4823,89,70.2,11.342,17.897,-1,-1,0,0,0,0,11
10.1037/0022-3514.74.4.865,Failed replication to prime intelligent behavior.,503,1,2,0.014084507,1,14,12,64,1,20.95833333,2,47,4,4,113,9,10,42,540,287,40.48,0.524242424,0,19,0.002,-1,0.848,8,175,0,0,58.5,28.5,6079,399,24,5094,447,88,11.4,3.813,3.697,1,Social Sciences,0,0,0,4,0
10.1257/aer.102.5.2018,NBER WORKING PAPER SERIES ORGAN ALLOCATION POLICY AND THE DECISION TO DONATE,55,2,2,0.326086957,0,0,8,60,0,5.5,0,17,0,1,33,5,12,36,157,51,29.18,0.423712121,1,7,0.003,0,0,4,0,1,0,198.5,56,20579.5,1407.5,10,2443.63879,409.3111557,52.16094699,3.242881769,0.98393103,0.66700981,1.900272014,,1,0,0,3,2
10.1073/pnas.1118373109,Higher social class predicts increased unethical behavior,532,5,2,0.166666667,2,55,41,30,1,53.2,2,16,0,6,203,38,21,225,2739,1018,0.96,0.575,0,22,0.01,-1,0.19,19,114,0,1,104.8,39.4,13104.4,787,10,257989,14232,88,18.1,3.063,4.184,-1,-1,1,0,0,0,6
10.1016/j.brainres.2007.08.032,Cueing method biases in visual detection studies,59,5,2,0,2,0,4,62,0,3.933333333,2,36,6,4,36,9,16,8,74,18,21.43,0.422123016,0,0,1,0,0,0,0,1,1,42.6,15.6,1476.8,94.8,15,9947,1697,82,5.9,0.876,0.95,3,Life Sciences,1,10,0,0,8
10.1037/0022-3514.92.2.325,Self-Control Relies on Glucose as a Limited Energy Source: Willpower Is More Than a Metaphor,690,8,2,0.141025641,0,43,95,77,1,46,5,42,0,8,502,47,88,186,2485,1118,23.29,0.170436508,0,0,1,0,0,0,0,1,0,194,53.125,27355.125,1602.625,15,5094,447,88,11.4,3.813,3.697,1,Social Sciences,1,6,0.543564443,0,3
10.1111/j.1467-9280.2008.02084,Keeping One's Distance The Influence of Spatial Distance Cues on Affect and Evaluation,0,2,0.920792079,0.028571429,0,-1,-1,0,0,0,-1,-1,-1,-1,-1,-1,-1,0,0,0,23.29,0.425865801,0,0,1,0,0,0,0,1,1,-1,-1,-1,-1,0,6809,580,83,11.7,3.537,3.02,1,Social Sciences,0,10,-1,-1,-1
10.1177/0956797610393745,"""He Loves Me, He Loves Me Not . . . "": Uncertainty Can Increase Romantic Attraction",39,3,2,0.25,0,0,1,16,0,3.25,0,0,0,0,13,3,1,14,65,13,51.78,0.488888889,0,8,0.001,-1,0.359,6,47,0,0,105.3333333,43.66666667,23551.33333,855,12,6809,580,83,11.7,3.537,3.02,1,Social Sciences,0,1,0.918295834,1,0
10.1111/j.1467-9280.2009.02426.x,Weight as an Embodiment of Importance,245,3,0.386138614,0,1,12,25,18,0,18.84615385,2,11,2,2,84,18,10,62,533,167,37.84,0.531641604,1,10,0.001,0,0,8,0,1,1,116.3333333,31.33333333,8336.666667,615,13,6809,580,83,11.7,3.537,3.02,1,Social Sciences,0,1,0,0,0
10.1177/0146167210383440,A Process Model of Affect Misattribution,84,4,0.465346535,0.238095238,0,7,7,41,0,7,0,19,0,6,30,1,12,23,160,57,39.33,0.405833333,0,30,0.001,-1,0.989,21,68,0,0,110.5,25,4149.5,321,12,3187,449,90,7.1,2.567,2.273,1,Social Sciences,0,0,0.811278124,3,5
10.1016/j.cognition.2007.07.017,"Seeing is believing: The effect of brain images on judgments of scientific reasoning q,qq",388,2,2,0,0,25,27,15,0,25.86666667,1,9,1,0,219,24,11,55,995,234,15.65,0.273809524,1,1,0.05,0,0,1,0,1,0,111,35,4922,331.5,15,6169,1118,80,5.5,1.927,1.774,1,Social Sciences,0,1,0,0,6
10.1037/a0016997,Effects of Prosocial Video Games on Prosocial Behavior,194,11,2,0.096153846,3,17,29,46,1,16.16666667,7,29,4,5,124,15,21,109,676,331,37.13,0.441831357,0,0,1,0,0,0,0,1,0,83,27,4333.5,266,12,5094,447,88,11.4,3.813,3.697,1,Social Sciences,0,0,0,1,1
10.1177/0956797611434748,Integrating Sexual Objectification With Object Versus Person Recognition: The Sexualized-Body-Inversion Hypothesis,151,5,2,0.117647059,0,11,8,17,1,15.1,0,5,0,1,43,16,14,46,433,177,28.13,0.612037037,0,5,0.001,-1,0.589,3,78,0,1,91,18.4,2525.2,143.6,10,6809,580,83,11.7,3.537,3.02,1,Social Sciences,1,0,0.970950594,0,1
10.1348/000709909X466479,A versus F: The effects of implicit letter priming on cognitive performance,16,2,2,0,2,0,2,46,0,1.230769231,2,28,1,5,8,2,2,4,43,5,16.19,0.342809524,0,0,1,0,0,0,0,1,0,135.5,45,18533,1045,13,1742,230,83,7.6,2.209,1.683,1,Social Sciences,0,9,0,0,4
10.1177/0956797612447820,Ideology and Prejudice: The Role of Value Conflicts,173,3,2,0.060606061,0,11,10,31,1,19.22222222,1,21,1,0,40,16,5,60,528,211,5.73,0.191666667,0,29,0.88,0,0,0,0,1,0,72.66666667,26.33333333,5092.333333,242.3333333,9,6809,580,83,11.7,3.537,3.02,1,Social Sciences,1,1,0,7,0
10.1006/jesp.2001.1488,The Influence of Approach and Avoidance Cues on Attentional Flexibility,218,2,2,0.162162162,1,13,19,59,1,10.9,8,30,4,4,104,10,22,20,164,73,20.92,0.387480064,1,6,0.0001,-1,0.0899,5,42,0,0,96.5,39.5,9809,676,20,3013,504,78,6,1.946,1.825,1,Social Sciences,0,0,0,0,0
10.1037/a0022571,Judging Approachability on the Face of It: The Influence of Face and Body Expressions on the Perception of Approachability,62,3,2,0.032258065,0,0,2,29,1,5.636363636,1,16,6,2,21,1,3,26,189,38,23.05,0.542207792,1,0,1,0,0,0,0,1,0,95.66666667,21,2089.666667,150.6666667,11,3132,462,81,6.8,1.927,1.827,1,Social Sciences,1,0,0,0,8
10.1177/0956797611418837,Big Time Is Not Always Long: Numerical Magnitude Automatically Affects Time Reproduction,43,5,2,0.075,0,0,6,38,0,3.909090909,2,15,7,2,15,8,8,17,130,39,16.22,0.339384921,0,6,0.001,-1,0.609,4,70,0,1,64,21.25,2744.25,190.25,11,6809,580,83,11.7,3.537,3.02,1,Social Sciences,0,6,0.811278124,1,3
10.1086/676126,Judging a Part by the Size of Its Whole: The Category Size Bias in Probability Judgments,12,7,2,0.074074074,0,0,1,58,1,1.5,0,2,1,0,5,1,2,5,59,1,15.99,0.55375,0,0,1,0,0,0,0,1,0,36,9,579,26.5,8,2648,217,90,12.2,4.11,7.117,1,Social Sciences,1,0,0,1,1
10.1177/0146167208318952,The TAR Effect: When the Ones Who Dislike Become the Ones Who Are Disliked,58,7,2,0.195121951,0,0,9,41,0,4.142857143,6,25,5,9,39,8,2,18,188,77,15.65,0.357260101,1,33,0.001,-1,0.909,28,91,0,0,141.5,41,8765.5,482.5,14,3187,449,90,7.1,2.567,2.273,1,Social Sciences,1,0,0,0,4
10.1177/0956797613503853,Debiasing the Mind Through Meditation: Mindfulness and the Sunk-Cost Bias,193,3,2,0,4,16,10,40,0,21.44444444,6,22,1,8,33,6,8,44,585,189,18.89,0.302045455,1,10,0.001,-1,0.049,10,130,0,0,41.33333333,16.33333333,4766,287.6666667,9,6809,580,83,11.7,3.537,3.02,1,Social Sciences,1,0,0.918295834,0,3
10.1037/a0023527,The Substitutability of Physical and Social Warmth in Daily Life,145,2,0.920792079,0.081632653,2,10,18,51,1,13.18181818,5,30,7,7,92,13,5,72,1052,359,28.88,0.206894841,1,0,1,0,0,0,0,1,0,138,51.5,29219.5,1593,11,3132,462,81,6.8,1.927,1.827,1,Social Sciences,0,0,0,0,0
10.1086/677893,Consuming Experiential Categories,11,7,2,0.023255814,0,0,0,42,0,1.375,0,1,0,0,3,0,1,6,30,5,33.85,0.342869875,1,0,1,0,0,0,0,1,0,48,20.5,3653.5,206,8,2648,217,90,12.2,4.11,7.117,1,Social Sciences,1,2,0,1,3
10.1177/0956797611410985,Fertility and Intergroup Bias in Racial and Minimal-Group Contexts: Evidence for Shared Architecture,39,4,0.168316832,0.1,1,0,3,20,0,3.545454545,1,8,1,7,9,3,4,21,323,139,25.73,0.328123249,0,12,0.001,-1,0.645,8,248,0,1,76.5,25,4366,208.5,11,6809,580,83,11.7,3.537,3.02,1,Social Sciences,1,4,0.811278124,2,1
10.1037/a0024875,Are Numbers Gendered?,26,2,0.782178218,0,0,0,1,22,1,2.363636364,1,13,0,0,9,0,1,4,41,6,9.93,0.357051282,1,0,1,0,0,0,0,1,0,93,34.5,9821,494.5,11,3747,469,83,8,2.47,2.316,1,Social Sciences,0,5,0,0,0
10.1037/a0025345,"The Fluency of Social Hierarchy: The Ease With Which Hierarchical Relationships Are Seen, Remembered, Learned, and Liked",105,10,2,0.035294118,0,10,3,91,0,9.545454545,3,11,1,1,58,2,7,36,815,241,31.21,0.410634119,0,0,1,0,0,0,0,1,0,33.5,19,3429.5,208,11,5094,447,88,11.4,3.813,3.697,1,Social Sciences,0,12,1,3,3
10.1515/cog-2013-0030,Individual differences in the interpretation of ambiguous statements about time,49,2,2,0,2,0,4,52,0,6.125,8,14,2,2,23,6,3,23,289,111,2.58,0.458148148,1,4,0.0001,-1,0.0479,4,30,0,1,26,10,469,27,8,202,87,67,2.3,2.043,0.509,1,Social Sciences,0,13,1,0,0
10.1111/j.1467-9280.2009.02434.x,The Thermometer of Social Relations Mapping Social Proximity on Temperature,285,3,0.257425743,0.216216216,2,15,19,36,1,21.92307692,5,23,3,4,131,17,5,53,528,159,22.45,0.51984127,1,0,1,0,0,0,0,1,1,232,35.5,6396,320,13,6809,580,83,11.7,3.537,3.02,1,Social Sciences,0,1,0,1,1
10.1093/qje/qjt035,"NBER WORKING PAPER SERIES ""LAST-PLACE AVERSION"": EVIDENCE AND REDISTRIBUTIVE IMPLICATIONS",131,5,2,0,3,23,17,95,1,14.55555556,7,46,2,4,114,16,14,83,239,89,36.69,0.451315789,0,27,0.002,0,0.382,15,72,1,0,110,26,5613,329.25,9,3811,161,86,23.7,12.035,31.348,1,Social Sciences,0,0,0.811278124,5,6
10.1177/0956797611402514,Dirty Liberals! Reminders of Physical Cleanliness Influence Moral and Political Attitudes,138,2,0.811881188,0.166666667,0,7,11,13,0,12.54545455,0,5,3,1,69,10,11,40,388,144,7.19,0.328329613,0,8,0.01,-1,0.69,6,31,0,0,60,24.5,3496,163,11,6809,580,83,11.7,3.537,3.02,1,Social Sciences,0,1,0,1,2
10.1037/0022-3514.95.2.293,Why People Are Reluctant to Tempt Fate,91,7,0.910891089,0.083333333,0,0,8,59,1,6.5,0,28,0,1,51,4,7,20,203,36,41.4,0.438945578,1,0,1,0,0,0,0,1,0,111.5,43.5,12978,672,14,5094,447,88,11.4,3.813,3.697,1,Social Sciences,0,3,1,0,4
10.1126/science.1239918,Literary fiction did not improve affective ToM,670,0,2,0,0,89,45,50,0,74.44444444,1,1,0,0,270,36,31,225,2060,526,27.96,0.416185897,1,7,0.001,-1,0.049,7,356,0,0,47.5,18,2729.5,136.5,9,278545,4823,84,57.8,9.116,14.589,-1,-1,0,0,0,2,0
10.1037/a0036678,Good for God? Religious Motivation Reduces Perceived Responsibility for and Morality of Good Deeds,12,1,2,0.117647059,0,0,2,38,1,1.5,3,19,2,0,9,0,0,6,95,14,22.75,0.340053763,0,2,0.008,0,0,1,0,1,0,77,26,3855,256,8,3747,469,83,8,2.47,2.316,1,Social Sciences,1,9,0,2,8
10.1037/pspa0000032,Less Is More? Think Again! A Cognitive Fluency-Based More-Less Asymmetry in Comparative Communication,11,2,2,0.046875,1,0,2,63,1,1.571428571,2,37,5,5,6,1,1,5,47,8,35.81,0.386848485,0,0,1,0,0,0,0,1,0,82.5,17,1676,62.5,7,5094,447,88,11.4,3.813,3.697,1,Social Sciences,1,0,1,0,2
10.1086/678484,This Number Just Feels Right: The Impact of Roundedness of Price Numbers on Product Evaluations,83,10,2,0.055555556,1,14,6,37,1,10.375,3,7,0,1,26,3,3,19,291,95,38.15,0.501743627,1,0,1,0,0,0,0,1,0,20,4.5,273.5,15.5,8,2648,217,90,12.2,4.11,7.117,1,Social Sciences,0,3,1,0,8
10.1177/1948550611401425,"Is Life Nasty, Brutish, and Short? Philosophies of Life and Well-Being",8,4,2,0.028571429,0,0,0,29,1,0.727272727,0,15,3,0,3,0,0,2,0,0,47.32,0.491071429,1,19,0.001,0,0,13,0,1,0,145.25,35,8599.75,388.25,11,3479,473,84,7.4,2.525,2.288,1,Social Sciences,1,3,0.811278124,3,0
10.1016/j.jesp.2014.04.011,The power to control time: Power influences how much time (you think) you have,13,2,2,0.08,1,0,1,25,0,1.625,3,8,2,2,9,0,1,7,149,23,19.71,0.491666667,1,17,0.003,0,0.067,16,54,0,1,70,21,3381,200,8,3013,504,78,6,1.946,1.825,1,Social Sciences,1,0,0,0,1
10.1037/0022-3514.66.6.1081,Effects of Gender and Sexual Orientation on Evolutionarily Relevant Aspects of Human Mating Psychology,301,13,2,0.020618557,1,13,32,59,0,10.75,1,21,2,2,100,22,5,18,137,43,2.75,0.501944444,1,8,0,-1,0,6,277,1,0,86.5,32.5,5169.75,249.5,28,5094,447,88,11.4,3.813,3.697,1,Social Sciences,1,6,0,4,1
10.1037/0022-3514.95.5.1150,Romantic Red: Red Enhances Men's Attraction to Women,248,12,2,0.074766355,1,13,31,109,1,17.71428571,2,64,2,3,151,21,13,52,476,198,37.64,0.325925926,1,0,1,0,0,0,0,1,0,147,49,27857,2279.5,14,5094,447,88,11.4,3.813,3.697,1,Social Sciences,1,1,1,0,13
10.1287/mnsc.1100.1157,Impossible Frontiers,25,2,0.782178218,0,0,-1,-1,37,0,2.083333333,-1,-1,-1,-1,-1,-1,-1,0,0,0,34.9,0.56969697,0,0,1,0,0,0,0,1,1,-1,-1,-1,-1,12,9923,1294,78,7.7,3.185,5.094,1,Social Sciences,0,5,-1,-1,-1
10.3758/s13423-015-0866-8,Men in red: A reexamination of the red-attractiveness effect,19,3,2,0.071428571,1,0,0,14,1,2.714285714,1,6,2,3,5,3,0,17,99,51,40.48,0.402777778,0,7,0.0005,0,0.8095,4,144,0,0,79.33333333,16,1590.666667,83.33333333,7,6650,659,79,10.1,2.908,2.463,1,Social Sciences,1,14,0.918295834,1,5
10.1177/0956797616636631,Going All In: Unfavorable Sex Ratios Attenuate Choice Diversification,14,3,2,0.097560976,2,0,1,40,0,2.333333333,4,22,0,13,3,1,0,10,71,17,6.71,0.474404762,0,18,0.0002,0,0.1898,13,364,0,0,108,29,5250.666667,287.3333333,6,6809,580,83,11.7,3.537,3.02,1,Social Sciences,0,0,0.918295834,2,1
10.1016/j.obhdp.2016.06.001,Saving the masses: The impact of perceived efficacy on charitable giving to single vs. multiple beneficiaries q,47,11,0.069306931,0.125,6,10,2,34,0,7.833333333,7,18,2,9,8,0,0,18,213,38,9.38,0.395535714,1,24,0.001,-1,0.499,19,201,0,0,72.5,23.5,3371,160.5,6,1526,262,79,5.8,2.365,2.834,1,Social Sciences,0,0,1,0,2
10.1037/xge0000228,Anticipated Ambiguity Prolongs the Present: Evidence of a Return Trip Effect,9,2,2,0.083333333,0,0,1,24,1,1.5,1,15,1,0,5,0,1,4,18,3,32.63,0.289404762,0,0,1,0,0,0,0,1,0,28,9,709.5,41,6,3747,469,83,8,2.47,2.316,1,Social Sciences,1,0,1,0,0
10.1037/0033-295X.114.2.245,Suspicious Coincidence Effect Replicated,397,0,2,0,1,53,64,122,1,26.46666667,14,64,7,9,408,43,98,171,2116,1092,28.88,0.369522145,1,0,1,0,0,0,0,1,0,430,67,34051,2676.5,15,2443.63879,409.3111557,52.16094699,3.242881769,0.98393103,0.66700981,1.900272014,,1,0,0,0,0
10.1037/a0028883,Diminishing Adult Egocentrism When Estimating What Others Know,12,2,2,0.06,3,0,1,49,1,1.2,5,37,1,8,8,0,2,6,102,26,33.95,0.451170799,0,0,1,0,0,0,0,1,0,101.5,45,13506,921.5,10,2443.63879,409.3111557,52.16094699,3.242881769,0.98393103,0.66700981,1.900272014,,1,0,1,4,7
10.1177/0956797609356283,Wishful Seeing: More Desired Objects Are Seen as Closer,238,2,2,0.111111111,1,16,18,29,0,18.30769231,1,18,0,5,123,13,15,39,564,160,23.6,0.179365079,0,2,0.001,-1,0.679,1,62,0,0,51.5,17,1918,96.5,13,6809,580,83,11.7,3.537,3.02,1,Social Sciences,0,0,1,0,0
10.1177/0956797616678204,Does Seeing Faces of Young Black Boys Facilitate the Identification of Threatening Stimuli?,0,3,2,0.097560976,0,0,0,0,1,0,-1,-1,-1,-1,0,0,0,1,0,0,57.13,0.420833333,1,34,0.001,-1,0.22,29,82,0,0,-1,-1,-1,-1,6,6809,580,83,11.7,3.537,3.02,1,Social Sciences,0,5,-1,3,0
10.1037/a0029288,Mere Exposure to Money Increases Endorsement of Free-Market Systems and Social Inequality,100,4,0.910891089,0.058823529,1,9,8,33,1,10,1,20,4,4,38,6,11,23,286,69,14.97,0.382539683,1,0,1,0,0,0,0,1,0,128.5,35,13139.5,675.25,10,3747,469,83,8,2.47,2.316,1,Social Sciences,0,6,0,2,1
10.1016/j.jesp.2009.03.009,Instructional manipulation checks: Detecting satisficing to increase statistical power,1738,3,0.940594059,0,1,242,111,18,0,133.6923077,3,13,1,2,446,61,311,105,923,395,0,-1,-1,22,0.0001,-1,0.3489,11,213,0,1,80,21.66666667,5743.666667,313.3333333,13,3013,504,78,6,1.946,1.825,1,Social Sciences,1,0,0,1,2
10.1016/j.jesp.2010.05.014,Elaboration enhances the imagined contact effect,120,2,2,0.113207547,0,6,24,55,0,10,0,0,0,0,86,25,27,41,440,226,24.98,0.285185185,1,5,0.002,0,0.045,5,59,0,0,120.5,27,4332,245.5,12,3013,504,78,6,1.946,1.825,1,Social Sciences,1,3,0,1,1
10.1037/0022-3514.83.1.44,"Math ϭ Male, Me ϭ Female, Therefore Math Me",625,10,0.920792079,0.255319149,0,45,45,41,1,31.25,3,19,1,5,206,40,47,43,397,163,33.28,0.356146744,1,0,1,0,0,0,0,1,0,403,90.66666667,56388.33333,3626.333333,20,5094,447,88,11.4,3.813,3.697,1,Social Sciences,1,1,0,5,2
10.1177/01461672952111004,,366,0,2,0,0,27,49,18,0,24.4,0,0,0,0,249,24,63,242,1157,1117,39.67,0.376666667,1,0,1,0,0,0,0,1,0,163.5,66,134920,6491.5,15,3187,449,90,7.1,2.567,2.273,1,Social Sciences,1,6,1,0,0
10.1177/0956797611414726,A Single Exposure to the American Flag Shifts Support Toward Republicanism up to 8 Months Later,78,3,0.910891089,0.16,0,0,6,24,1,7.090909091,0,15,3,2,27,6,2,34,156,38,13.82,0.352063492,1,20,0.0001,-1,0.0699,18,235,0,0,82,26,3982.666667,184.3333333,11,6809,580,83,11.7,3.537,3.02,1,Social Sciences,0,0,0,0,3
10.1086/268936,Response Scales: Effects of Category Range on Reported Behavior and Comparative Judgments,236,6,2,0,0,9,18,5,1,6.378378378,0,0,0,0,78,18,16,6,8,3,29.69,0.131428571,1,7,0.003,-1,0.047,7,132,0,0,97.5,40,15182,719.5,37,2443.63879,409.3111557,52.16094699,3.242881769,0.98393103,0.66700981,1.900272014,,1,0,0.811278124,1,0
10.1002/ejsp.2013,Living in the north is not necessarily favorable: Different metaphoric associations between cardinal direction and valence in Hong Kong and in the United States,7,3,2,0,0,0,0,16,0,0.875,0,0,0,0,0,0,1,2,12,0,29.28,0.346470588,0,29,0.001,-1,0.869,15,105.59,0,1,42.33333333,11.33333333,606.3333333,42.66666667,8,2139,364,80,5.9,1.834,1.497,1,Social Sciences,1,15,0.918295834,2,4
10.1037/a0034462,A Functional Basis for Structure-Seeking: Exposure to Structure Promotes Willingness to Engage in Motivated Action,74,4,0.801980198,0.2,0,9,1,31,1,8.222222222,7,21,1,1,15,3,2,22,331,123,16.32,0.277777778,1,0,1,0,0,0,0,1,0,121,35.5,6020.25,305.25,9,3747,469,83,8,2.47,2.316,1,Social Sciences,0,0,0,1,2
10.1037/0096-3445.136.4.569,Overcoming Intuition: Metacognitive Difficulty Activates Analytic Reasoning,461,14,0.940594059,0.115384615,5,44,55,46,1,30.73333333,6,32,1,11,237,36,27,68,572,245,1.81,0.38125,0,0,1,0,0,0,0,1,0,72.25,28.5,7082,444.5,15,3747,469,83,8,2.47,2.316,1,Social Sciences,0,1,0.811278124,1,1
10.1016/j.jeem.2015.05.002,"Three reasons to use annual payments in contingent valuation surveys: Convergent validity, discount rates, and mental accounting $",65,3,2,0.075471698,4,11,1,53,0,9.285714286,7,27,4,12,10,0,9,34,192,60,14.7,0.338461538,0,0,1,0,0,0,0,1,0,36.33333333,15,1114.666667,53.33333333,7,3339,393,81,8.5,2.437,3.476,1,Social Sciences,0,0,0,9,2
10.1037/a0015141,Liberals and Conservatives Rely on Different Sets of Moral Foundations,2014,13,2,0.153846154,0,293,321,114,0,154.9230769,3,66,2,11,900,144,286,237,2410,1036,32.94,0.251315789,0,0,1,0,0,0,0,1,0,299,65,39483.33333,2944.333333,13,5094,447,88,11.4,3.813,3.697,1,Social Sciences,1,21,0,2,4
10.1177/0956797611429579,Cuing Consumerism: Situational Materialism Undermines Personal and Social Well-Being,154,4,0.782178218,0.035714286,0,11,12,29,0,15.4,1,17,0,1,45,4,9,33,443,145,-2.84,0.332575758,0,0,1,0,0,0,0,1,0,50.75,18.5,5011.25,254.5,10,6809,580,83,11.7,3.537,3.02,1,Social Sciences,1,0,0.811278124,1,0
10.1037//0022-3514.83.5.1239,Cultural Variation in Correspondence Bias: The Critical Role of Attitude Diagnosticity of Socially Constrained Behavior,0,1,2,0,0,-1,-1,0,0,0,-1,-1,-1,-1,-1,-1,-1,0,0,0,37.91,0.26474359,1,0,1,0,0,0,0,1,1,-1,-1,-1,-1,0,5094,447,88,11.4,3.813,3.697,1,Social Sciences,1,0,-1,-1,-1
10.1037/a0015960,Disgust Sensitivity Predicts Intuitive Disapproval of Gays,257,3,0.930693069,0.129032258,0,19,26,31,1,19.76923077,2,15,2,4,108,22,6,75,1098,399,36.83,0.586507937,0,0,1,0,0,0,0,1,0,158.5,44.5,9585.75,558.5,13,3132,462,81,6.8,1.927,1.827,1,Social Sciences,0,3,0,0,1
10.1002/bdm.586,Incidental Environmental Anchors,108,2,0.811881188,0.166666667,1,11,7,23,1,7.2,3,17,3,1,73,10,2,10,137,59,38.45,0.345454545,0,4,0.001,0,0,1,0,1,1,112.5,42,12327,609.5,15,756,193,74,3.9,1.212,1.013,1,Social Sciences,0,1,0,0,2
10.1111/j.1468-0017.2006.00297.x,A Dissociation Between Moral Judgments and Justifi cations,432,11,0.930693069,0.238095238,0,20,38,43,1,28.8,1,17,12,1,204,32,23,109,967,439,27.25,0.305336617,0,14,0.001,0,0.943,3,2646,0,0,162.8,43.6,18173.6,1280,15,444,133,78,3.3,1.713,0.861,1,Social Sciences,1,20,0,4,1
10.1177/0956797611434537,Subjective Well-Being,286,5,2,0.153846154,2,29,11,44,0,28.6,2,13,0,9,65,11,16,63,776,356,17.44,0.487154882,0,9,0.001,-1,0.959,7,328.13,0,0,203,63.25,23078.5,1360.75,10,6809,580,83,11.7,3.537,3.02,1,Social Sciences,0,10,0,2,1
10.1016/0022-1031(77)90049-X,"The ""False Consensus Effect"": An Egocentric Bias in Social Perception and Attribution Processes",1683,3,0.96039604,0,0,93,75,33,0,93.5,1,11,2,0,628,63,41,904,82,44,13.41,0.444117647,0,1,0.05,0,0,1,201,1,0,36.33333333,19.33333333,12962.33333,399,18,3013,504,78,6,1.946,1.825,1,Social Sciences,1,0,0.918295834,5,0
10.1016/j.obhdp.2006.10.001,High in the hierarchy: How vertical location and judgments of leaders' power are interrelated q,183,2,0.316831683,0.051282051,1,10,9,43,1,11.4375,9,29,9,3,99,9,6,6,172,83,35.78,0.323958333,1,26,0.001,-1,0.959,20,180,0,0,110,30,4273,335,16,1526,262,79,5.8,2.365,2.834,1,Social Sciences,0,6,0,3,3
10.1207/s15516709cog2605_4,Cultural preferences for formal versus intuitive reasoning,262,4,0.663366337,0.192982456,0,-1,-1,58,0,15.41176471,-1,-1,-1,-1,-1,-1,-1,0,0,0,20.68,0.088235294,1,62,0.001,-1,0.199,57,259,0,1,-1,-1,-1,-1,17,2161,482,71,4.5,1.592,1.202,1,Social Sciences,1,0,-1,-1,-1
10.1002/(SICI)1099-0771(199806)11:2<107::AID-BDM292>3.0.CO;2-Y,Less Is Better: When Low-value Options Are Valued More Highly than High-value Options,184,2,2,0.038461538,0,9,20,26,1,10.82352941,1,15,0,2,127,11,23,125,1390,1270,33.96,0.595833333,0,7,0,0,0,7,0,1,1,135,42,15434,850,17,756,193,74,3.9,1.212,1.013,1,Social Sciences,1,0,0,0,0
10.1037/a0013748,Moral Typecasting: Divergent Perceptions of Moral Agents and Moral Patients,260,9,0.930693069,0.070175439,0,26,29,59,1,20,1,33,6,3,175,18,12,49,582,245,55.58,0.514991182,0,0,1,0,0,0,0,1,0,172,56,20738.5,1265,13,5094,447,88,11.4,3.813,3.697,1,Social Sciences,1,1,0,2,6
10.1126/science.1130726,Washing Away Your Sins: Threatened Morality and Physical Cleansing,596,2,2,0,0,42,60,13,0,37.25,0,1,0,0,319,37,39,56,376,118,32.53,0.302857143,1,0,1,0,0,0,0,1,0,49.5,19,3649,180,16,278545,4823,84,57.8,9.116,14.589,-1,-1,0,0,1,1,1
10.3758/bf03197186,Choosing versus rejecting: Why some options are both better and worse than others,375,1,0.940594059,0,0,13,53,41,1,12.93103448,0,0,0,0,199,35,36,24,1204,1156,19.54,0.416265597,0,10,0.001,-1,0.049,10,398,0,0,129,42,14260,800,29,2443.63879,409.3111557,52.16094699,3.242881769,0.98393103,0.66700981,1.900272014,,0,1,0,1,0
10.1038/nclimate2093,How warm days increase belief in global warming,207,4,0.841584158,0.161290323,0,32,15,39,0,25.875,0,8,0,0,94,10,2,97,1205,368,20.01,0.270614035,0,22,0.01,-1,0.92,16,686,0,1,132.75,43,18045.5,976.5,8,17941,554,88,32.4,5.67,6.134,1,Social Sciences,0,1,1,2,4
10.1111/1467-8284.00419,Intentional action and side effects in ordinary language,632,1,2,0.142857143,0,40,103,5,1,0,0,1,0,1,348,48,56,0,137,62,37.13,0.426190476,1,4,0.001,-1,0.009,4,78,0,0,164,44,9189,667,0,213,194,44,1.1,1.677,0.893,1,Social Sciences,1,0,0,0,0
10.1016/s0010-0277(99)00073-6,Metaphoric structuring: understanding time through spatial metaphors,697,1,0.96039604,0.0625,0,45,125,18,0,34.85,3,11,0,0,608,56,66,104,229,65,38.55,0.320833333,1,0,1,0,0,0,0,1,1,110,35,10206,677,20,6169,1118,80,5.5,1.927,1.774,1,Social Sciences,1,1,0,1,14
10.1016/0010-0285(73)90033-9,Availability: A Heuristic for Judging Frequency and Probability122,4979,1,2,0.071428571,0,378,249,30,0,276.6111111,0,21,2,1,2822,106,357,2890,168,50,48.2,0.385,0,5,0.05,-1,0,1,178,1,0,274,115.5,239589.5,11393.5,18,684,117,85,5.8,1.782,1.647,1,Social Sciences,1,0,0,0,5
10.1016/S0191-8869(99)00204-4,Cloninger's Psychobiological Model of Temperament and Character and the Five-Factor Model of Personality,305,3,2,0.075,0,20,17,44,0,15.25,0,0,0,0,92,17,27,35,102,37,17.5,0,1,7,0.001,0,0,7,0,1,1,60.66666667,13,1846,87.33333333,20,12220,2292,78,5.3,1.685,1.178,1,Social Sciences,0,0,0,4,0
10.1111/j.1467-9280.2006.01824.x,Power and Perspectives Not Taken,671,4,2,0.142857143,3,68,38,40,1,41.9375,3,22,4,4,241,36,28,57,969,216,10.23,0.47212963,0,0,1,0,0,0,0,1,0,120.25,37.25,12729.25,733,16,6809,580,83,11.7,3.537,3.02,1,Social Sciences,0,3,0,0,1
10.1027/1864-9335/a000147,"Warmer Hearts, Warmer Rooms How Positive Communal Traits Increase Estimates of Ambient Temperature",33,5,2,0.177419355,0,0,0,59,0,3.666666667,0,10,1,1,12,0,0,26,276,87,6.47,0.359044527,1,20,0.001,-1,0.639,14,160,0,0,81.2,18.4,5089,231.8,9,485,126,68,3.8,1.462,1.23,1,Social Sciences,0,0,0.721928095,0,2
10.1037/0022-3514.45.4.805,"Effects of Need for Cognition on Message Evaluation, Recall, and Persuasion",429,6,2,0.238095238,0,26,31,28,1,26.8125,0,4,0,0,172,12,24,311,67,19,17.37,0.474333333,0,9,0.001,-1,0.049,9,37,0,0,359.3333333,93.33333333,65582.33333,3474.333333,16,5094,447,88,11.4,3.813,3.697,1,Social Sciences,1,6,0,2,2
10.1037/0022-3514.82.5.792,"It Feels Like Yesterday: Self-Esteem, Valence of Personal Past Experiences, and Judgments of Subjective Distance",233,3,2,0.083333333,2,10,36,53,0,11.65,11,42,5,6,150,25,20,26,272,89,23.29,0.307275433,0,0,1,0,0,0,0,1,0,94,38,8686,397,20,5094,447,88,11.4,3.813,3.697,1,Social Sciences,0,0,1,4,2
10.1007/s12110-004-1010-z,ROMANTIC JEALOUSY IN EARLY ADULTHOOD AND IN LATER LIFE,55,6,2,0.175,2,0,7,36,0,3.055555556,2,15,1,2,28,13,3,10,92,15,42.41,0.4,0,10,0.001,-1,0.049,9,234,1,0,243.3333333,48.66666667,16080.5,1005.166667,18,323,87,68,3.7,0.981,0.741,1,Social Sciences,1,2,0,2,0
10.1016/j.jesp.2008.03.012,Judging near and distant virtue and vice ☆,222,3,2,0.25,2,18,17,34,1,15.85714286,4,22,5,3,77,13,5,32,253,68,43.12,0.406004489,0,9,0.01,-1,0.04,8,59,0,0,148.3333333,49,18932.66667,1168,14,3013,504,78,6,1.946,1.825,1,Social Sciences,0,3,0,0,3
10.1037/h0033373,PARENTAL INTERFERENCE AND ROMANTIC LOVE,139,4,2,0,0,0,7,10,0,2.78,0,0,0,0,39,7,2,4,7,2,18.55,0.503333333,1,5,0.01,-1,0.04,5,91,0,0,12.66666667,6.333333333,382,19.33333333,50,5094,447,88,11.4,3.813,3.697,1,Social Sciences,0,1,0,3,0
10.1037/0022-3514.70.6.1142,Automatic and Controlled Processes in Stereotype Priming,460,2,0.920792079,0.058139535,3,14,25,86,1,17.69230769,11,49,9,8,237,15,45,42,513,224,25.22,0.455619048,1,35,0.001,-1,0.049,34,153,0,0,175.5,59.5,28748.5,1778,26,5094,447,88,11.4,3.813,3.697,1,Social Sciences,1,0,0,4,5
10.1111/j.1467-9280.1996.tb00346.x,,411,4,2,0.185185185,0,18,30,25,0,15.80769231,0,6,0,1,208,19,42,13,339,119,-107.85,0.367708333,0,24,0.0001,-1,0.0699,23,68,0,1,163,56.5,27600.5,1701,26,6809,580,83,11.7,3.537,3.02,1,Social Sciences,0,53,0,0,4
10.1111/j.1467-9280.2009.02326.x,Sinning Saints and Saintly Sinners The Paradox of Moral Self-Regulation,441,3,0.782178218,0,0,33,39,25,0,33.92307692,0,9,0,0,161,22,11,76,558,190,33.65,0.352035985,1,3,0.05,0,0,2,0,1,0,137.3333333,36.33333333,10034.66667,434.3333333,13,6809,580,83,11.7,3.537,3.02,1,Social Sciences,0,1,0.918295834,1,0
10.4337/9781786434692.00010,4. An adding-up test on contingent valuations of river and lake quality 1,0,3,2,0.035714286,0,-1,-1,0,0,0,-1,-1,-1,-1,-1,-1,-1,0,0,0,0,-1,-1,0,1,0,0,0,0,1,0,-1,-1,-1,-1,5,2443.63879,409.3111557,52.16094699,3.242881769,0.98393103,0.66700981,1.900272014,,0,0,-1,-1,-1
10.1177/0956797610372631,,147,4,2,0.185185185,0,9,11,40,0,12.25,0,23,4,3,51,8,8,26,62,16,18.45,0.441666667,1,24,0.0001,-1,0.0699,23,68,0,1,41,18.33333333,3711,222.6666667,12,6809,580,83,11.7,3.537,3.02,1,Social Sciences,0,0,0.918295834,0,4
10.1126/science.1162548,Experiencing Physical Warmth Promotes Interpersonal Warmth,670,2,2,0.068965517,0,46,66,30,1,47.85714286,1,6,1,0,432,27,33,123,1246,368,21.77,0.525238095,1,1,0.05,0,0,1,41,0,1,135.5,52.5,30038.5,1630.5,14,278545,4823,84,57.8,9.116,14.589,-1,-1,0,10,0,0,0
10.2307/1251163,The Effects of Music In Advertising On Choice Behavior: A Classical Conditioning Approach,251,1,2,0,0,6,37,13,0,15.6875,0,3,0,0,237,19,21,356,82,28,46.27,0.3,0,2,0.001,-1,0,2,63,1,0,105,36,6018,279,16,3101,198,89,15.7,4.69,7.461,1,Social Sciences,0,0,0,1,0
10.1016/0010-0285(90)90003-m,Verbal Overshadowing of Visual Memories: Some Things Are better Left Unsaid,411,14,2,0.011494253,1,14,54,86,0,22.83333333,8,54,2,1,304,35,49,291,74,15,18.15,0.313768116,0,21,0.05,-1,0.02,5,110,0,0,160,35.5,12743,834.5,18,684,117,85,5.8,1.782,1.647,1,Social Sciences,1,9,1,3,1
10.1037/0022-3514.82.6.956,Dealing With Betrayal in Close Relationships: Does Commitment Promote Forgiveness?,527,4,0.732673267,0.180327869,3,28,43,66,1,26.35,5,35,3,6,200,32,21,46,379,169,4.61,0.495833333,1,0,1,0,0,0,0,1,0,135.75,45.25,11430,735.25,20,5094,447,88,11.4,3.813,3.697,1,Social Sciences,0,1,0,3,0
10.1037/0022-3514.54.5.768,Inhibiting and Facilitating Conditions of the Human Smile: A Nonobtrusive Test of the Facial Feedback Hypothesis,929,9,2,0.111111111,0,49,77,35,1,54.64705882,0,20,1,1,400,57,68,362,69,28,17.84,0.381818182,1,2,0.02,-1,0.01,2,77,0,0,66.33333333,28.66666667,10555,528.3333333,17,5094,447,88,11.4,3.813,3.697,1,Social Sciences,0,0,0,2,1
10.1038/nature11467,Spontaneous giving and calculated greed,761,3,2,0.275862069,0,77,103,81,0,76.1,0,2,0,1,363,105,88,313,3896,1837,0,-1,-1,0,1,0,0,0,0,1,0,336.6666667,86,46854,2479.666667,10,338611,4823,89,70.2,11.342,17.897,-1,-1,0,0,0,0,8
10.1177/0956797610395393,Learning About What Others Were Doing: Verb Aspect and Attributions of Mundane and Criminal Intent for Past Actions,17,2,2,0,1,0,4,40,1,1.416666667,3,31,1,5,10,6,3,8,41,7,23.9,0.543333333,0,6,0.001,0,0.029,6,55,0,0,168,32,6841.5,344,12,6809,580,83,11.7,3.537,3.02,1,Social Sciences,0,3,0,0,0
10.1177/0956797614526415,Methylphenidate Blocks Effort-Induced Depletion of Regulatory Control in Healthy Volunteers,53,3,2,0,2,0,5,31,1,6.625,2,21,2,7,9,4,16,27,281,98,7.59,0.500694444,0,8,0.01,-1,0.1,5,92,0,1,146,49.66666667,18847.33333,1161,8,6809,580,83,11.7,3.537,3.02,1,Social Sciences,0,1,0,0,7
10.1126/science.1189993,Incidental Haptic Sensations Influence Social Judgments and Decisions,324,3,0.95049505,0.133333333,0,20,22,29,1,27,0,0,0,0,112,20,13,115,992,281,28.37,0.419477513,1,15,0.01,0,0.039,15,33,0,1,117,40.33333333,20468,1115,12,278545,4823,84,57.8,9.116,14.589,-1,-1,0,6,0,1,0
10.1126/science.1224313,,407,0,2,0,0,62,23,40,0,40.7,0,0,0,0,182,21,16,110,1328,433,28.74,0.379231975,1,1,0.0001,-1,0,1,16,0,0,153.6666667,50,16860.66667,1016.333333,10,278545,4823,84,57.8,9.116,14.589,-1,-1,1,0,0,0,8
10.1038/nature12774,Experimental evidence for the influence of group size on cultural complexity,182,4,2,0.035714286,0,22,9,31,0,20.22222222,0,1,0,0,82,7,8,84,1142,426,0,-1,-1,0,1,0,0,0,0,1,0,50,20.75,2423.75,131.25,9,338611,4823,89,70.2,11.342,17.897,-1,-1,1,0,0.811278124,0,7
10.1126/science.1221936,Memory's penumbra: Episodic memory decisions induce lingering mnemonic biases,91,3,0.841584158,0.066666667,0,12,4,30,1,9.1,0,0,0,0,39,12,6,29,715,230,37.03,0.311820587,0,14,0.001,-1,0.299,12,52,0,1,65,25.66666667,4099.333333,300,10,278545,4823,84,57.8,9.116,14.589,-1,-1,1,2,0.918295834,0,3
10.1126/science.1215647,,337,0,2,0,0,28,36,43,0,33.7,0,2,0,5,171,29,21,109,1356,479,5.93,0.310416667,0,6,0.003,0,0.957,5,179,1,0,105,38.5,12095,646.5,10,278545,4823,84,57.8,9.116,14.589,-1,-1,0,0,0,2,0
10.1038/nature13530,Cooperating with the future,211,4,0.930693069,0.1,0,26,9,47,0,26.375,0,0,0,0,80,5,6,91,1375,393,0,-1,-1,0,1,0,0,0,0,1,0,253.25,62,31921.25,1596.5,8,338611,4823,89,70.2,11.342,17.897,-1,-1,1,0,0,0,8
10.1126/science.1183532,,204,0,2,0,0,18,16,31,0,17,1,2,0,0,124,21,21,97,1041,371,29.38,0.489029181,1,2,0,0,0,1,0,1,1,237,49.75,31128.25,1879.5,12,278545,4823,84,57.8,9.116,14.589,-1,-1,1,15,0,1,4
10.1126/science.1190792,The Social Sense: Susceptibility to Others' Beliefs in Human Infants,506,2,2,0.019607843,0,42,34,18,0,42.16666667,0,0,0,0,180,39,37,124,1448,646,31.85,0.489180672,1,12,0.002,0,0.808,9,56,0,0,41.33333333,15,1900.333333,112.3333333,12,278545,4823,84,57.8,9.116,14.589,-1,-1,1,0,0,0,10
10.1126/science.1186799,Washing Away Postdecisional Dissonance,101,2,2,0,0,0,6,6,0,8.416666667,0,0,0,0,37,5,7,48,513,137,28.33,0.414965986,0,5,0.001,-1,0.189,4,85,0,1,147.5,47,19051.5,1007,12,278545,4823,84,57.8,9.116,14.589,-1,-1,0,0,0,0,1
10.1126/science.1195701,Thought for Food: Imagined Consumption Reduces Actual,206,1,0.732673267,0,0,12,14,32,0,17.16666667,0,0,0,1,77,10,6,59,642,317,45.49,0.259259259,0,21,0.001,-1,0.509,17,81,0,1,80,19,2349,99.66666667,12,278545,4823,84,57.8,9.116,14.589,-1,-1,1,0,0.918295834,1,6
10.1038/nature15392,Inequality and visibility of wealth in experimental social networks,179,4,2,0.166666667,0,24,6,39,0,25.57142857,0,0,0,0,43,4,5,75,725,231,0,-1,-1,0,1,0,0,0,0,1,0,184.5,44.75,18149.75,754.75,7,338611,4823,89,70.2,11.342,17.897,-1,-1,1,0,0,8,12
10.1126/science.1191465,Why Testing Improves Memory: Mediator Effectiveness Hypothesis,258,2,2,0,0,18,17,5,0,21.5,0,0,0,0,164,12,24,70,720,283,25.69,0.722916667,0,0,1,0,0,0,0,1,0,80,28,4654,281.5,12,278545,4823,84,57.8,9.116,14.589,-1,-1,1,0,0,0,2
10.1126/science.1199427,Writing About Testing Worries Boosts Exam Performance in the Classroom,253,2,0.910891089,0.148148148,0,27,23,20,0,23,0,0,0,0,162,28,27,83,772,236,35.78,0.549062049,0,10,0.01,-1,0.92,6,47,0,1,93,39,9074.5,638.5,11,278545,4823,84,57.8,9.116,14.589,-1,-1,0,0,0,0,5
10.1126/science.1222426,,685,0,0.910891089,0,0,139,29,33,0,68.5,1,1,0,0,255,22,13,131,1533,485,42.11,0.489465894,0,14,0.001,-1,0.149,13,139,0,1,133.3333333,42.33333333,18921,1151.666667,10,278545,4823,84,57.8,9.116,14.589,-1,-1,0,3,0,0,4
10.1126/science.1207745,Google Effects on Memory: Cognitive Consequences of Having,611,1,2,0,0,73,47,12,0,55.54545455,0,1,0,0,258,26,31,231,1432,295,51.11,0.530833333,0,10,0.001,-1,0.049,10,69,0,1,74.33333333,28.66666667,12404.33333,762.3333333,11,278545,4823,84,57.8,9.116,14.589,-1,-1,0,0,0.918295834,0,2
10.1126/science.1250830,,238,1,2,0,0,39,10,40,1,29.75,0,1,0,0,82,3,6,99,637,149,62.61,0.399537037,0,5,0.001,-1,0.013,5,146,0,1,52.75,20.625,10388.125,375,8,278545,4823,84,57.8,9.116,14.589,-1,-1,1,0,0.811278124,1,3
10.1037/0022-3514.71.2.230,Automaticity of Social Behavior: Direct Effects of Trait Construct and Stereotype Activation on Action,2356,9,0.712871287,0.255555556,0,107,210,89,1,90.61538462,0,19,4,7,991,116,184,56,660,261,17.68,0.374346405,0,3,0.008,0,0.042,3,41,0,0,85.33333333,32,21520.66667,1184.666667,26,5094,447,88,11.4,3.813,3.697,1,Social Sciences,0,5,0,0,3
10.1037/0022-3514.81.6.1014,The Automated Will: Nonconscious Activation and Pursuit of Behavioral Goals,1352,5,0.712871287,0.216494845,2,59,123,92,1,64.38095238,5,60,6,14,518,77,109,66,695,261,17.94,0.409722222,1,21,0.002,0,0.238,15,283.27,0,0,123.8,39,19997.6,1120.6,21,5094,447,88,11.4,3.813,3.697,1,Social Sciences,0,0,0,1,1
10.1037/a0021524,Feeling the Future: Experimental Evidence for Anomalous Retroactive Influences on Cognition and Affect,388,10,0.811881188,0.01754386,4,37,77,56,1,35.27272727,12,28,6,10,297,39,59,237,2086,662,17.37,0.440422078,0,0,1,0,0,0,0,1,0,83,35,16418,764,11,5094,447,88,11.4,3.813,3.697,1,Social Sciences,0,4,0,7,2
10.1177/0956797610383437,Power Posing: Brief Nonverbal Displays Affect Neuroendocrine Levels and Risk Tolerance,535,3,0.841584158,0.033333333,1,34,38,44,0,44.58333333,3,25,0,5,195,20,33,83,512,159,18.49,0.395028011,1,12,0.001,-1,0.799,9,49,0,1,52.33333333,24,8175.666667,669,12,6809,580,83,11.7,3.537,3.02,1,Social Sciences,0,10,0.918295834,0,4
10.1016/j.cognition.2006.02.009,Representing object colour in language comprehension q,75,1,2,0.071428571,1,6,9,29,0,4.6875,2,19,0,3,55,12,7,13,156,63,18.49,0.401388889,0,12,0.005,0,0,4,0,1,1,144,23,1950,124,16,6169,1118,80,5.5,1.927,1.774,1,Social Sciences,0,3,0,1,2
10.1016/j.jesp.2011.11.012,"Time, money, and happiness: How does putting a price on time affect our ability to smell the roses?",49,3,0.821782178,0.069444444,0,0,4,73,0,4.454545455,2,40,2,1,16,2,3,8,56,16,15.85,0.443589744,1,23,0.003,0,0.792,16,373,0,0,123,25.5,4219.5,280,11,3013,504,78,6,1.946,1.825,1,Social Sciences,0,1,0,0,3
10.1111/j.1467-9280.2008.02112.x,Approach-Motivated Positive Affect Reduces Breadth of Attention,428,3,2,0.117647059,2,30,41,63,1,30.57142857,4,21,1,7,286,42,50,109,1544,685,-2.07,0.384305556,0,1,0.66,0,0,0,0,1,1,162,55.5,16624,831,14,6809,580,83,11.7,3.537,3.02,1,Social Sciences,1,0,0,0,2
10.1111/j.1467-9280.2007.02004.x,Running on Empty Neural Signals for Self-Control Failure,203,2,2,0.033333333,0,8,4,30,0,13.53333333,0,4,0,1,19,5,3,35,68,17,13.78,0.270952381,0,1,0.85,0,0,0,0,1,1,124,33.5,7830.5,397,15,6809,580,83,11.7,3.537,3.02,1,Social Sciences,1,1,1,0,5
10.2307/2786238,Further Studies on the Effect of Feeling Good on Helping Author(s),75,7,0.693069307,0.272727273,0,0,2,11,0,4.6875,0,0,0,0,42,2,2,67,10,4,38.32,0.338636364,1,3,0.005,0,0,2,0,1,0,56.5,30.5,13617,518,16,2443.63879,409.3111557,52.16094699,3.242881769,0.98393103,0.66700981,1.900272014,,0,0,0,2,0
10.1016/j.jesp.2004.07.001,Using implicit goal priming to improve the quality of self-report data,41,4,2,0.041666667,0,0,6,24,0,2.277777778,0,0,0,0,23,7,11,4,2,0,15.1,0.517361111,0,7,0.001,-1,0.189,6,64,0,0,48,18,3200.5,141.75,18,3013,504,78,6,1.946,1.825,1,Social Sciences,0,1,1,0,2
10.1037/0096-3445.136.2.241,"Attention Control, Memory Updating, and Emotion Regulation Temporarily Reduce the Capacity for Executive Control",374,21,2,0.106060606,0,23,75,67,0,24.93333333,0,2,0,0,326,37,80,67,640,239,-5.68,0.207539683,0,0,1,0,0,0,0,1,0,119,37,12022,688,15,3747,469,83,8,2.47,2.316,1,Social Sciences,0,2,0,4,0
10.1037/0022-3514.85.1.33,Intellectual Performance and Ego Depletion: Role of the Self in Logical Reasoning and Other Information Processing,454,10,2,0.142857143,4,26,41,49,1,23.89473684,6,31,4,8,228,25,60,40,259,99,34.26,0.347857143,0,0,1,0,0,0,0,1,0,400.6666667,92.33333333,63706.33333,3612,19,5094,447,88,11.4,3.813,3.697,1,Social Sciences,0,0,0,4,0
10.1037/a0027598,The Physical Burdens of Secrecy,49,5,2,0.03030303,0,0,5,31,1,4.9,0,18,0,1,26,5,7,27,216,56,32.22,0.447964113,0,16,0.001,-1,0.969,10,97,0,0,100.5,31.25,8096,399,10,3747,469,83,8,2.47,2.316,1,Social Sciences,0,4,0.811278124,1,4
10.1016/S1386-4181(01)00024-6,Cross-Section and Time-Series Effects,5295,2,0.712871287,0.032786885,0,-1,-1,66,0,264.75,-1,-1,-1,-1,-1,-1,-1,0,0,0,36.28,0.433049242,1,1,1,0,0,0,0,1,0,-1,-1,-1,-1,20,483,130,72,3.7,1.877,1.661,1,Social Sciences,0,1,-1,-1,-1
10.1177/0956797611435919,Warm Thoughts: Attachment Anxiety and Sensitivity to Temperature Cues,18,1,2,0,0,0,3,14,1,1.8,0,4,2,1,8,1,0,7,22,20,7.86,0.32200938,1,8,0.001,-1,0.064,7,106,0,0,62,20,1406,64,10,6809,580,83,11.7,3.537,3.02,1,Social Sciences,0,0,0,0,1
10.1126/science.1132491,,800,1,2,0,0,51,48,14,0,50,0,0,0,0,292,41,42,95,833,289,39.87,0.366406926,0,18,0.02,-1,0.03,17,37,0,0,135.6666667,35.66666667,16083.66667,783.3333333,16,278545,4823,84,57.8,9.116,14.589,-1,-1,0,0,0.918295834,2,3
10.1177/0956797609358096,Sweet Future: Fluctuating Blood Glucose Levels Affect Future Discounting,130,2,2,0.107142857,0,0,8,29,0,10.83333333,0,18,1,3,60,3,8,33,473,122,35.1,0.349479167,0,14,0.33,0,0.669,0,65,1,1,54.5,15,1813,85.5,12,6809,580,83,11.7,3.537,3.02,1,Social Sciences,0,6,0,0,3
10.1037/0278-7393.34.2.353,Tracing Attention and the Activation Flow in Spoken Word Planning Using Eye Movements,75,1,2,0.222222222,4,0,13,54,1,5.357142857,11,43,10,11,51,18,16,23,216,119,27.11,0.360714286,0,0,1,0,0,0,0,1,0,193,51,7813,688,14,2443.63879,409.3111557,52.16094699,3.242881769,0.98393103,0.66700981,1.900272014,,0,21,0,3,6
10.1037/0278-7393.34.1.146,"Now You See It, Now You Don't: Repetition Blindness for Nonwords",12,7,2,0.133333333,0,0,2,2,0,0.857142857,0,2,0,0,6,0,0,3,0,0,22.34,0.406481481,0,0,1,0,0,0,0,1,0,21,9.5,241.5,21.5,14,2443.63879,409.3111557,52.16094699,3.242881769,0.98393103,0.66700981,1.900272014,,0,2,0,6,9
10.1037/0278-7393.34.3.478,Working Memory Costs of Task Switching,89,4,2,0.144444444,5,0,5,92,1,6.357142857,8,49,15,20,28,6,4,24,270,115,39.47,0.34,0,0,1,0,0,0,0,1,0,133.25,35.25,4731.25,275.25,14,2443.63879,409.3111557,52.16094699,3.242881769,0.98393103,0.66700981,1.900272014,,0,0,0,9,6
10.1037/0278-7393.34.1.230,Accelerated Relearning After Retrieval-Induced Forgetting: The Benefit of Being Forgotten,52,4,2,0.444444444,0,0,2,31,1,3.714285714,1,15,2,2,17,13,4,19,228,96,30.7,0.481666667,1,0,1,0,0,0,0,1,0,121.3333333,45.33333333,10717.33333,713.6666667,14,2443.63879,409.3111557,52.16094699,3.242881769,0.98393103,0.66700981,1.900272014,,0,0,0,2,2
10.1037/0278-7393.34.1.237,The Intermixed-Blocked Effect in Human Perceptual Learning Is Not the Consequence of Trial Spacing,53,3,2,0.166666667,1,0,1,19,1,3.785714286,1,11,2,3,15,7,3,12,46,23,23.29,0.295833333,0,0,1,0,0,0,0,1,0,100.3333333,24.66666667,3340.666667,219.6666667,14,2443.63879,409.3111557,52.16094699,3.242881769,0.98393103,0.66700981,1.900272014,,0,2,0,0,3
10.1162/003465398557744,ON USING CURRENT INFORMATION TO VALUE HARD-ROCK MINERAL PROPERTIES,19,2,0.584158416,0.090909091,0,0,4,14,0,0.791666667,1,2,1,0,10,2,4,5,17,4,23.46,0.451190476,0,0,1,0,0,0,0,1,0,96.5,21,1822,107.5,24,2286,251,82,9.1,4.484,8.245,1,Social Sciences,0,3,0,1,0
10.1037/0278-7393.34.1.97,"A Single-System Account of the Relationship Between Priming, Recognition, and Fluency",52,4,2,0.155172414,5,0,2,59,1,3.714285714,13,41,12,22,14,8,9,19,308,122,18.05,0.425084175,0,0,1,0,0,0,0,1,0,212.6666667,56.33333333,17238.66667,1268,14,2443.63879,409.3111557,52.16094699,3.242881769,0.98393103,0.66700981,1.900272014,,1,0,0,6,5
10.1037/0278-7393.34.1.219,Modeling Distributions of Immediate Memory Effects: No Strategies Needed?,22,4,2,0.263157895,2,0,3,40,1,1.571428571,2,21,3,12,9,2,3,6,25,6,30.4,0.421568627,1,0,1,0,0,0,0,1,0,103,27.33333333,3110.666667,258,14,2443.63879,409.3111557,52.16094699,3.242881769,0.98393103,0.66700981,1.900272014,,0,3,0,1,6
10.1037/0278-7393.34.3.460,Stereotypes and Retrieval-Provoked Illusory Source Recollections,24,3,2,0.061538462,3,0,2,73,0,1.714285714,7,40,16,10,9,1,2,6,28,6,9.72,0.421111111,0,0,1,0,0,0,0,1,0,30,10,942.3333333,59.33333333,14,2443.63879,409.3111557,52.16094699,3.242881769,0.98393103,0.66700981,1.900272014,,0,3,0.918295834,6,2
10.1037/0278-7393.34.2.430,Across-Notation Automatic Numerical Processing,38,1,2,0.083333333,0,0,5,20,0,2.714285714,0,1,0,0,26,9,13,18,444,396,12.94,0.407967033,0,0,1,0,0,0,0,1,0,70,23,2264,143.5,14,2443.63879,409.3111557,52.16094699,3.242881769,0.98393103,0.66700981,1.900272014,,1,0,1,0,2
10.1037/0278-7393.34.1.65,Attractor Dynamics and Semantic Neighborhood Density: Processing Is Slowed by Near Neighbors and Speeded by Distant Neighbors,92,11,2,0.268292683,7,0,7,46,1,6.571428571,8,30,3,9,64,8,17,21,262,77,7.05,0.40625,1,0,1,0,0,0,0,1,0,132,31.5,4691.5,288,14,2443.63879,409.3111557,52.16094699,3.242881769,0.98393103,0.66700981,1.900272014,,1,3,0,5,4
10.1037/0278-7393.34.1.243,When Does Between-Sequence Phonological Similarity Promote Irrelevant Sound Disruption?,19,4,2,0.297297297,0,0,1,38,1,1.357142857,3,26,1,3,10,6,4,3,29,4,18.89,0.575,0,0,1,0,0,0,0,1,0,135.3333333,32,4379,319.3333333,14,2443.63879,409.3111557,52.16094699,3.242881769,0.98393103,0.66700981,1.900272014,,0,6,0,0,2
10.1037/0278-7393.34.3.546,Bidirectional Associations in Multiplication Memory: Conditions of Negative and Positive Transfer,15,2,2,0.137931034,0,0,0,5,0,1.071428571,0,5,0,0,5,0,1,5,22,9,-9.54,0.570833333,0,0,1,0,0,0,0,1,0,54,19,2350,156,14,2443.63879,409.3111557,52.16094699,3.242881769,0.98393103,0.66700981,1.900272014,,1,0,0,4,3
10.1037/0278-7393.34.3.514,The Stroop Effect: Why Proportion Congruent Has Nothing to Do With Congruency and Everything to Do With Contingency,108,2,2,0.111111111,1,9,28,18,1,7.714285714,5,10,5,3,142,23,30,23,132,63,29.18,0.309504132,0,0,1,0,0,0,0,1,0,129.5,36,5413,339.5,14,2443.63879,409.3111557,52.16094699,3.242881769,0.98393103,0.66700981,1.900272014,,1,3,0,1,5
10.1037/0278-7393.34.1.186,The Ultimate Sampling Dilemma in Experience-Based Decision Making,45,1,2,0.24,0,0,2,50,1,3.214285714,4,30,3,3,34,2,1,10,83,27,24.92,0.524242424,0,0,1,0,0,0,0,1,0,328,58,11767,682,14,2443.63879,409.3111557,52.16094699,3.242881769,0.98393103,0.66700981,1.900272014,,1,3,0,7,1
10.1037/0278-7393.34.3.439,How to Say No: Single-and Dual-Process Theories of Short-Term Recognition Tested on Negative Probes,25,2,0.138613861,0.103448276,0,0,2,27,0,1.785714286,0,1,1,0,17,5,8,7,59,6,35.27,0.426446281,0,0,1,0,0,0,0,1,0,263,66,15395,981,14,2443.63879,409.3111557,52.16094699,3.242881769,0.98393103,0.66700981,1.900272014,,0,0,0,4,9
10.1037/0278-7393.34.2.408,"Intentional Forgetting Is Easier After Two ""Shots"" Than One",30,18,2,0.173913043,3,0,2,24,1,2.142857143,4,15,2,5,14,2,2,15,193,54,31.21,0.702777778,0,0,1,0,0,0,0,1,0,41.33333333,16.66666667,1257.333333,107.3333333,14,2443.63879,409.3111557,52.16094699,3.242881769,0.98393103,0.66700981,1.900272014,,0,0,0.918295834,0,3
10.1037/0278-7393.34.2.302,How Does Bilingualism Improve Executive Control? A Comparison of Active and Reactive Inhibition Mechanisms,234,9,0.336633663,0.147540984,3,8,32,61,1,16.71428571,5,30,9,14,142,40,13,61,533,276,24.78,0.539393939,0,0,1,0,0,0,0,1,0,167.1428571,40.57142857,9664.142857,646.1428571,14,2443.63879,409.3111557,52.16094699,3.242881769,0.98393103,0.66700981,1.900272014,,0,3,0,3,9
10.1037/0278-7393.34.2.343,Priming Addition Facts With Semantic Relations,44,3,0.742574257,0.063829787,1,0,3,46,0,3.142857143,2,24,5,7,17,6,3,12,435,367,28.37,0.275,0,0,1,0,0,0,0,1,0,22.33333333,10,1776.333333,69.33333333,14,2443.63879,409.3111557,52.16094699,3.242881769,0.98393103,0.66700981,1.900272014,,1,1,0.918295834,6,1
10.1037/0278-7393.34.3.524,Learning Correct Responses and Errors in the Hebb Repetition Effect: Two Faces of the Same Coin,21,4,2,0.033333333,2,0,3,32,0,1.5,3,18,3,6,9,4,3,7,33,14,34.76,0.435714286,0,0,1,0,0,0,0,1,0,110.6666667,17.66666667,2067.333333,114.3333333,14,2443.63879,409.3111557,52.16094699,3.242881769,0.98393103,0.66700981,1.900272014,,1,0,0,4,3
10.1037/0278-7393.34.3.495,On the Additive Effects of Stimulus Quality and Word Frequency in Lexical Decision: Evidence for Opposing Interactive Influences Revealed by RT Distributional Analyses,73,10,2,0.283018868,3,0,7,61,1,5.214285714,6,37,10,11,23,8,6,26,212,104,0.35,0.25,0,0,1,0,0,0,0,1,0,160.25,46.5,9873,814.5,14,2443.63879,409.3111557,52.16094699,3.242881769,0.98393103,0.66700981,1.900272014,,1,3,0,6,5
10.1037/0278-7393.34.1.249,Semantic Interference in a Delayed Naming Task: Evidence for the Response Exclusion Hypothesis,90,6,2,0.205882353,0,0,15,37,1,6.428571429,4,19,3,2,34,10,9,33,415,197,14.9,0.5,0,0,1,0,0,0,0,1,0,166.5,40,11835,744,14,2443.63879,409.3111557,52.16094699,3.242881769,0.98393103,0.66700981,1.900272014,,0,3,0,4,0
10.1037/0278-7393.34.2.399,Multidimensional Visual Statistical Learning,102,11,0.920792079,0.195652174,4,0,5,46,1,7.285714286,6,30,7,7,47,7,10,32,357,96,29.18,0.329166667,0,0,1,0,0,0,0,1,0,174.25,39.5,15040.75,1974.25,14,2443.63879,409.3111557,52.16094699,3.242881769,0.98393103,0.66700981,1.900272014,,1,4,0,0,11
10.1037/0278-7393.34.1.204,Accounting for Occurrences: A New View of the Use of Contingency Information in Causal Judgment,9,1,2,0.119047619,3,0,2,43,1,0.642857143,6,22,4,13,5,2,3,6,73,34,36.76,0.470833333,1,0,1,0,0,0,0,1,0,101,29,2404,210,14,2443.63879,409.3111557,52.16094699,3.242881769,0.98393103,0.66700981,1.900272014,,1,0,0,6,6
10.1037/0278-7393.34.1.128,Multiple Roles for Time in Short-Term Memory: Evidence From Serial Recall of Order and Timing,29,2,0.138613861,0.048780488,6,0,11,82,1,2.071428571,16,32,10,15,26,12,12,12,89,40,12.64,0.507291667,0,0,1,0,0,0,0,1,0,109,29,5184,358,14,2443.63879,409.3111557,52.16094699,3.242881769,0.98393103,0.66700981,1.900272014,,1,3,0,3,6
10.1037/0278-7393.34.1.80,An Attention-Based Associative Account of Adjacent and Nonadjacent Dependency Learning,83,1,2,0,2,0,5,67,1,5.928571429,10,49,6,3,63,5,4,37,485,210,20.11,0.61875,1,0,1,0,0,0,0,1,0,81.5,28,4120.5,247.5,14,2443.63879,409.3111557,52.16094699,3.242881769,0.98393103,0.66700981,1.900272014,,1,2,0,1,9
10.1016/j.jhealeco.2007.01.003,Fraternity Membership and Binge Drinking Jeff DeSimone NBER Working Paper No. 12468 August 2006 JEL No. I12,37,1,2,0,0,-1,-1,32,0,2.466666667,-1,-1,-1,-1,-1,-1,-1,0,0,0,23.26,0.419394841,1,0,1,0,0,0,0,1,0,-1,-1,-1,-1,15,2000,372,71,5.4,2.035,2.033,4,Health Sciences,1,1,-1,-1,-1
10.1037/0278-7393.34.2.369,Orienting Attention in Visual Working Memory Reduces Interference From Memory Probes,110,4,2,0.122807018,5,9,23,59,1,7.857142857,9,33,5,18,89,27,11,42,444,205,40.69,0.235335498,0,0,1,0,0,0,0,1,0,89.66666667,23.33333333,2501.333333,200,14,2443.63879,409.3111557,52.16094699,3.242881769,0.98393103,0.66700981,1.900272014,,1,2,0.918295834,0,6
10.1037/0278-7393.34.1.167,Decision Making and Learning While Taking Sequential Risks,75,1,2,0,2,0,14,58,1,5.357142857,5,35,2,7,40,8,31,16,174,44,17.13,0.416666667,1,0,1,0,0,0,0,1,0,112,23,2737,239,14,2443.63879,409.3111557,52.16094699,3.242881769,0.98393103,0.66700981,1.900272014,,0,2,0,8,3
10.1037/0022-3514.95.1.76,The Rejection of Moral Rebels: Resenting Those Who Do the Right Thing,167,9,0.96039604,0.023809524,0,18,18,38,1,11.92857143,2,22,1,2,71,8,10,32,305,71,40.28,0.630050505,0,0,1,0,0,0,0,1,0,37.66666667,16.33333333,2411,152,14,5094,447,88,11.4,3.813,3.697,1,Social Sciences,0,6,0.918295834,2,3
10.1037/0022-3514.94.1.16,Why Do Implicit and Explicit Attitude Tests Diverge? The Role of Structural Fit,235,3,0.465346535,0.095238095,1,15,19,44,1,16.78571429,1,21,1,4,82,15,27,62,722,368,18.35,0.451388889,0,0,1,0,0,0,0,1,0,125,24.66666667,4598.666667,368,14,5094,447,88,11.4,3.813,3.697,1,Social Sciences,1,0,0.918295834,6,3
10.1037/0022-3514.94.4.718,"The Developmental Psychometrics of Big Five Self-Reports: Acquiescence, Factor Structure, Coherence, and Differentiation From Ages 10 to 20",240,4,2,0.169014085,3,28,20,74,1,17.14285714,9,48,6,15,94,27,31,49,607,258,19.67,0.53470696,1,0,1,0,0,0,0,1,0,143,56.25,31223.25,2308.5,14,5094,447,88,11.4,3.813,3.697,1,Social Sciences,1,0,0,3,10
10.1037/0022-3514.94.4.696,Terror Management and Adults' Attachment to Their Parents: The Safe Haven Remains,92,8,2,0.157480315,5,5,8,121,0,6.571428571,9,53,21,19,58,9,4,33,351,165,27.76,0.57469697,1,0,1,0,0,0,0,1,0,162.6666667,57,18353,1042.833333,14,5094,447,88,11.4,3.813,3.697,1,Social Sciences,0,5,0.650022422,0,8
10.1037/a0012833,Increasing and Decreasing Motor and Cognitive Output: A Model of General Action and Inaction Goals,66,9,2,0.037735849,2,0,13,57,1,4.714285714,7,39,3,4,52,12,17,20,102,21,33.38,0.412698413,0,8,0.005,0,0.225,7,102,0,1,58.55555556,15.44444444,2117,115.5555556,14,5094,447,88,11.4,3.813,3.697,1,Social Sciences,0,1,0.764204507,0,2
10.1037/0022-3514.94.4.560,Affective Incoherence: When Affective Concepts and Embodied Reactions Clash,44,5,2,0.092105263,1,0,6,78,1,3.142857143,8,40,4,3,15,1,6,14,56,15,26,0.86,1,0,1,0,0,0,0,1,0,63,24.25,9735.5,495.5,14,5094,447,88,11.4,3.813,3.697,1,Social Sciences,0,0,0.811278124,4,4
10.1037/0022-3514.94.1.60,Individual Differences in the Regulation of Intergroup Bias: The Role of Conflict Monitoring and Neural Signals for Control,180,13,0.712871287,0.161764706,3,0,13,72,1,12.85714286,7,41,13,19,64,25,22,56,878,536,-0.1,0.221875,0,0,1,0,0,0,0,1,0,171,57.66666667,17932,1106,14,5094,447,88,11.4,3.813,3.697,1,Social Sciences,0,4,0,4,8
10.1037/0022-3514.94.1.1,Left Frontal Cortical Activation and Spreading of Alternatives: Tests of the Action-Based Model of Dissonance,116,5,2,0.164835165,8,0,4,96,1,8.285714286,11,61,9,16,44,14,5,35,398,154,-5.08,0.25,1,0,1,0,0,0,0,1,0,62.6,23.8,5904.2,294.6,14,5094,447,88,11.4,3.813,3.697,1,Social Sciences,0,3,0.970950594,1,2
10.1037/0022-3514.94.4.600,A Social Functional Approach to Emotions in Bargaining: When Communicating Anger Pays and When It Backfires,130,4,0.336633663,0.106060606,5,10,7,68,1,9.285714286,12,48,9,11,39,2,7,46,563,256,10.43,0.334126984,0,0,1,0,0,0,0,1,0,73.75,26.75,3960.5,202,14,5094,447,88,11.4,3.813,3.697,1,Social Sciences,0,0,0,5,0
10.1037/0022-3514.95.2.420,"""Walking on Eggshells"": How Expressing Relationship Insecurities Perpetuates Them",56,2,0.920792079,0.085106383,1,6,0,97,1,4,2,38,1,6,22,1,2,8,44,20,11.35,0.470833333,0,0,1,0,0,0,0,1,0,107.5,36,7289.5,318,14,5094,447,88,11.4,3.813,3.697,1,Social Sciences,0,0,0,1,5
10.1037/0022-3514.94.4.647,How the Head Liberates the Heart: Projection of Communal Responsiveness Guides Relationship Promotion,83,4,0.920792079,0.141304348,2,7,7,94,1,5.928571429,5,42,2,5,45,5,2,25,224,68,22.79,0.62987013,1,0,1,0,0,0,0,1,0,107.5,36,7289.5,318,14,5094,447,88,11.4,3.813,3.697,1,Social Sciences,1,0,0,9,5
10.1037/0022-3514.94.1.158,Poignancy: Mixed Emotional Experience in the Face of Meaningful Endings,121,4,0.96039604,0.204545455,1,11,6,45,1,8.642857143,3,25,1,6,31,8,5,29,197,62,31.68,0.444262065,1,33,0.001,-1,0.979,21,60,0,1,79,28.5,11252.75,710.75,14,5094,447,88,11.4,3.813,3.697,1,Social Sciences,0,0,0,3,2
10.1037/0022-3514.94.1.48,/f Noise and Effort on Implicit Measures of Bias,60,1,0.910891089,0.027777778,3,0,7,36,1,4.285714286,5,21,4,8,36,5,4,17,214,73,43.93,0.396703297,0,0,1,0,0,0,0,1,0,70,29,5898,417,14,5094,447,88,11.4,3.813,3.697,1,Social Sciences,0,1,0,2,4
10.1037/0022-3514.94.4.579,The Effect of Global Versus Local Processing Styles on Assimilation Versus Contrast in Social Judgment,148,3,2,0.089285714,9,6,15,116,1,10.57142857,13,67,6,27,53,15,13,52,527,255,16.32,0.116025641,1,0,1,0,0,0,0,1,0,100.3333333,38.33333333,10820.66667,712,14,5094,447,88,11.4,3.813,3.697,1,Social Sciences,0,0,0,7,0
10.1037/0022-3514.94.3.495,Not So Innocent: Does Seeing One's Own Capability for Wrongdoing Predict Forgiveness?,96,6,2,0.15,0,0,10,71,0,6.857142857,0,0,0,1,40,7,6,40,352,157,15.31,0.418981481,1,0,1,0,0,0,0,1,0,205.4,46.8,29801.8,1780,14,5094,447,88,11.4,3.813,3.697,1,Social Sciences,0,0,0.721928095,3,2
10.1037/0022-3514.94.3.516,The Nonverbal Expression of Pride: Evidence for Cross-Cultural Recognition,165,2,0.663366337,0.084337349,8,16,15,82,1,11.78571429,20,58,14,15,132,15,11,58,1530,566,29.18,0.133846154,1,0,1,0,0,0,0,1,0,213.5,65.5,23005.5,1400,14,5094,447,88,11.4,3.813,3.697,1,Social Sciences,1,4,1,0,6
10.1111/J.1538-4616.2008.00172.X,Political Regimes and the Cost of Disinflation,17,1,2,0,0,0,2,33,0,1.214285714,0,0,0,0,5,3,2,6,22,5,32.43,0.374166667,0,0,1,0,0,0,0,1,0,17,6,102,11,14,759,298,62,2.5,1.525,1.796,1,Social Sciences,0,0,1,6,0
10.1037/0022-3514.94.4.672,On the Relative Independence of Thinking Biases and Cognitive Ability,403,2,0.821782178,0.081632653,3,37,47,197,1,28.78571429,5,70,10,20,296,45,40,96,1739,787,11.59,0.351322751,0,0,1,0,0,0,0,1,0,201,70.5,29682.5,1745,14,5094,447,88,11.4,3.813,3.697,1,Social Sciences,0,0,0,8,1
10.1037/0022-3514.94.2.94.2.196,Opening the Mind to Close It: Considering a Message in Light of Important Values Increases Message Processing and Later Resistance to Change,54,13,2,0.073529412,5,0,1,64,1,3.857142857,13,39,3,9,22,1,5,10,31,4,23.46,0.476818182,1,0,1,0,0,0,0,1,0,90.5,28.5,10410,569.5,14,5094,447,88,11.4,3.813,3.697,1,Social Sciences,0,0,0,3,0
10.1037/0022-3514.94.5.871,Distinguishing Between Silent and Vocal Minorities: Not All Deviants Feel Marginal,27,7,0.96039604,0.048780488,0,0,0,36,0,1.928571429,0,3,0,0,14,1,1,10,25,0,29.48,0.525,0,0,1,0,0,0,0,1,0,79.5,34,9521,387,14,5094,447,88,11.4,3.813,3.697,1,Social Sciences,1,0,1,6,1
10.1037/0022-3514.94.2.183,Dynamics of Self-Regulation: How (Un)accomplished Goal Actions Affect Motivation,200,2,0.910891089,0.078431373,0,14,14,55,1,14.28571429,4,26,1,2,122,12,17,48,416,209,27.15,0.712285714,1,0,1,0,0,0,0,1,0,108.5,29.5,5729,324,14,5094,447,88,11.4,3.813,3.697,1,Social Sciences,0,0,1,0,7
10.1037/0022-3514.94.3.396,The Effects of an Implemental Mind-Set on Attitude Strength,41,5,2,0.092105263,3,0,2,74,1,2.928571429,4,40,2,9,8,0,3,11,124,12,17.03,0.493518519,0,0,1,0,0,0,0,1,0,118.3333333,33,12482.33333,712,14,5094,447,88,11.4,3.813,3.697,1,Social Sciences,0,0,0.918295834,0,1
10.1037/0022-3514.94.1.116,A Needs-Based Model of Reconciliation: Satisfying the Differential Emotional Needs of Victim and Perpetrator as a Key to Promoting Reconciliation,276,3,2,0.056603774,0,39,45,60,1,19.71428571,2,33,0,4,185,21,38,39,329,109,39.23,0.213636364,1,0,1,0,0,0,0,1,0,104,29.5,4115.5,226.5,14,5094,447,88,11.4,3.813,3.697,1,Social Sciences,0,0,1,5,1
10.1111/j.1467-9280.2008.02054.x,The Face of Success Inferences From Chief Executive Officers' Appearance Predict Company Profits,208,2,2,0.111111111,0,16,14,8,1,14.85714286,0,6,0,1,114,19,15,36,243,99,28.17,0.325277778,0,3,0.025,-1,0.025,3,50,0,0,188.5,57,14626.5,759.5,14,6809,580,83,11.7,3.537,3.02,1,Social Sciences,0,3,0,1,0
10.1037/0022-3514.94.2.94.2.231,Selective Exposure and Information Quantity: How Different Information Quantities Moderate Decision Makers' Preference for Consistent and Inconsistent Information,77,4,2,0.266666667,2,7,5,44,0,5.5,9,28,11,4,41,6,3,17,76,40,2.07,0.450490196,0,0,1,0,0,0,0,1,0,134.3333333,38.66666667,6403,355,14,5094,447,88,11.4,3.813,3.697,1,Social Sciences,1,0,0,0,4
10.1037/0022-3514.94.3.382,Self-Regulation and Selective Exposure: The Impact of Depleted Self-Regulation Resources on Confirmatory Information Processing,101,3,2,0.215384615,4,0,7,64,1,7.214285714,6,41,6,12,36,2,10,33,214,117,-13.94,0.421428571,0,0,1,0,0,0,0,1,1,162,44.66666667,7362.333333,428,14,5094,447,88,11.4,3.813,3.697,1,Social Sciences,0,1,0,0,0
10.1037/0022-3514.94.1.91,The Space Between Us: Stereotype Threat and Distance in Interracial Contexts,208,4,2,0.109375,2,21,17,54,1,14.85714286,4,33,4,15,91,10,13,60,696,307,30.3,0.526455026,1,0,1,0,0,0,0,1,0,71.33333333,31.33333333,16061.33333,1285,14,5094,447,88,11.4,3.813,3.697,1,Social Sciences,0,1,0,0,4
10.1257/aer.20151318,NBER WORKING PAPER SERIES CHOICE INCONSISTENCIES AMONG THE ELDERLY: EVIDENCE FROM PLAN CHOICE IN THE MEDICARE PART D PROGRAM,10,7,2,0,0,0,0,8,1,1.666666667,-1,-1,-1,-1,0,0,0,1,6,0,20.92,0.416666667,1,0,1,0,0,0,0,1,0,180,48,13844,1176,6,2443.63879,409.3111557,52.16094699,3.242881769,0.98393103,0.66700981,1.900272014,,0,1,0,4,5
10.1037/0022-3514.94.3.429,Balancing Connectedness and Self-Protection Goals in Close Relationships: A Levels-of-Processing Perspective on Risk Regulation,170,4,2,0.122222222,0,9,25,89,0,12.14285714,0,0,0,0,76,12,12,31,334,162,21.94,0.485555556,0,0,1,0,0,0,0,1,0,95.75,29,6189.75,371,14,5094,447,88,11.4,3.813,3.697,1,Social Sciences,0,0,0.811278124,8,4
10.1037/0022-3514.95.2.274,"Self-Handicapping, Excuse Making, and Counterfactual Thinking: Consequences for Self-Esteem and Future Motivation",71,1,2,0.085365854,2,0,2,85,1,5.071428571,19,50,12,13,43,5,3,25,179,54,27.22,0.331919192,0,0,1,0,0,0,0,1,0,64,18,1625,71,14,5094,447,88,11.4,3.813,3.697,1,Social Sciences,1,0,0,6,3
10.1037/0022-3514.94.4.615,Social Identity Contingencies: How Diversity Cues Signal Threat or Safety for African Americans in Mainstream Institutions,399,15,0.920792079,0.142857143,2,38,48,68,1,28.5,6,42,0,6,205,23,16,81,889,338,11.25,0.122222222,1,0,1,0,0,0,0,1,0,45.4,22.6,10175.4,815.8,14,5094,447,88,11.4,3.813,3.697,1,Social Sciences,0,1,0.970950594,1,1
10.1111/j.1467-9280.2008.02062.x,"Effects of Fluency on Psychological Distance and Mental Construal (or Why New York Is a Large City, but New York Is a Civilized Jungle)",154,2,0.940594059,0.192307692,1,10,11,28,1,11,1,19,0,4,113,8,15,37,357,108,18.18,0.269444444,0,7,0.01,0,0,7,0,1,0,72.5,29,6787.5,439,14,6809,580,83,11.7,3.537,3.02,1,Social Sciences,0,2,0,1,0
10.1111/j.1467-9280.2008.02066.x,More Than Meets the Eye The Role of Language in Binding and Maintaining Feature Conjunctions,91,2,0.881188119,0.238095238,0,0,6,39,0,6.5,0,12,3,1,44,4,9,15,161,60,41.74,0.289724311,0,55,0.001,0,0,26,0,1,0,102.5,24.5,4656.5,220,14,6809,580,83,11.7,3.537,3.02,1,Social Sciences,0,7,0,0,5
10.1111/j.1467-9280.2008.02078.x,Nonconscious Goal Pursuit in Novel Environments The Case of Implicit Learning,63,3,2,0.025,1,0,4,40,1,4.5,1,27,0,7,18,6,5,34,417,135,15.1,0.510714286,0,2,0.92,0,0.01,0,45,1,1,76.66666667,25.66666667,3489.333333,165,14,6809,580,83,11.7,3.537,3.02,1,Social Sciences,0,0,0,2,1
10.1111/j.1467-9280.2008.02092.x,Perceptual Mechanisms That Characterize Gender Differences in Decoding Women's Sexual Intent,61,4,2,0.130434783,2,0,5,24,1,4.357142857,2,15,5,6,30,9,2,13,79,34,15.91,0.627083333,0,8,0.001,-1,0.569,7,288,0,1,99,30.5,3997.5,190.75,14,6809,580,83,11.7,3.537,3.02,1,Social Sciences,0,1,0.811278124,1,2
10.1111/j.1467-9280.2008.02057.x,Precision of the anchor influences the amount of adjustment.,100,2,2,0,0,16,14,18,1,7.142857143,0,12,0,5,54,8,13,19,51,23,39.87,0.5,0,15,-882,0,882.996,1,492,1,0,48.5,20,4608,258,14,6809,580,83,11.7,3.537,3.02,1,Social Sciences,1,1,0,2,0
10.1111/j.1467-9280.2008.02041.x,Action Dynamics Reveal Parallel Competition in Decision Making,177,3,2,0.105263158,0,12,7,19,1,12.64285714,0,6,2,2,66,7,17,40,316,94,-35.76,0.520238095,0,4,0.0001,0,0,3,0,1,0,143,29.33333333,5326.666667,282.3333333,14,6809,580,83,11.7,3.537,3.02,1,Social Sciences,1,0,0,0,4
10.1111/j.1467-9280.2008.02089.x,Prescribed Optimism Is It Right to Be Wrong About the Future?,46,3,2,0.2,0,0,5,10,1,3.285714286,0,7,0,1,13,1,1,9,51,14,7.05,0.467559524,0,11,0.64,0,0,0,0,1,0,21,11.66666667,1755.666667,104.6666667,14,6809,580,83,11.7,3.537,3.02,1,Social Sciences,1,0,0,1,0
10.1111/j.1467-9280.2008.02043.x,Age-Related Changes in the Episodic Simulation of Future Events PSYCHOLOGICAL SCIENCE Research Article,385,3,0.930693069,0.157894737,2,29,51,36,1,27.5,5,26,11,5,189,67,81,93,1047,424,22.65,0.279285714,1,30,-97,0,0,5,0,1,1,265.6666667,66.66666667,35225,1892,14,6809,580,83,11.7,3.537,3.02,1,Social Sciences,1,0,0.918295834,2,3
10.1111/j.1467-9280.2008.02069.x,Preschoolers' Perspective Taking in Word Learning Do They Blindly Follow Eye Gaze?,27,2,2,0.0625,0,0,3,19,1,1.928571429,0,13,2,0,16,1,1,9,22,3,54.97,0.429214015,0,1,0.4,1,0,0,14,0,0,166,40,9669.5,538,14,6809,580,83,11.7,3.537,3.02,1,Social Sciences,0,16,1,0,2
10.1111/j.1467-9280.2008.02136.x,Measuring the Crowd Within Probabilistic Representations Within Individuals,167,3,2,0,0,11,22,11,1,11.92857143,0,10,0,0,95,18,19,32,105,22,15.54,0.37724359,0,2,0.05,-1,0,2,5,0,0,192.5,57.5,17881,1183,14,6809,580,83,11.7,3.537,3.02,1,Social Sciences,1,0,0,0,0
10.1111/j.1467-9280.2008.02046.x,"Temporal Selection Is Suppressed, Delayed, and Diffused During the Attentional Blink",65,3,0.95049505,0.166666667,3,0,6,18,1,4.642857143,3,7,4,7,32,7,13,29,273,144,40.99,0.3375,0,3,1.00E-05,0,0,3,0,1,0,200.6666667,52.33333333,20747.66667,1443,14,6809,580,83,11.7,3.537,3.02,1,Social Sciences,1,2,0,0,10
10.1111/j.1467-9280.2008.02053.x,Errors Are Aversive Defensive Motivation and the Error-Related Negativity,258,2,2,0.193548387,0,17,18,31,1,18.42857143,2,13,3,6,139,31,10,36,594,359,12.77,0.416666667,0,13,0.001,0,0,6,0,1,0,218.5,59,16115.5,1079,14,6809,580,83,11.7,3.537,3.02,1,Social Sciences,0,9,0,0,2
10.1111/j.1467-9280.2008.02091.x,The Sunny Side of Fairness Preference for Fairness Activates Reward Circuitry (and Disregarding Unfairness Activates Self-Control Circuitry),401,3,2,0.179487179,0,18,15,60,1,28.64285714,2,37,7,1,137,23,12,79,911,382,19.5,0.467821068,1,38,-99,0,0,5,0,1,1,105,43.66666667,12031.33333,728.6666667,14,6809,580,83,11.7,3.537,3.02,1,Social Sciences,1,0,0,2,4
10.1111/j.1467-9280.2008.02098.x,The Representation of Simple Ensemble Visual Features Outside the Focus of Attention,209,2,0.95049505,0.090909091,0,20,28,22,1,14.92857143,3,14,0,3,176,21,16,53,617,230,20.52,0.258333333,0,3,0.001,0,0,3,0,1,1,258,58.5,26046,2913.5,14,6809,580,83,11.7,3.537,3.02,1,Social Sciences,1,1,0,0,10
10.1111/j.1467-9280.2008.02040.x,Loving Those Who Justify Inequality The Effects of System Threat on Attraction to Women Who Embody Benevolent Sexist Ideals,53,3,2,0.272727273,1,0,2,10,1,3.785714286,1,7,1,1,11,1,1,16,103,45,17.2,0.443623737,1,0,1,0,0,0,0,1,0,81.66666667,29.66666667,9307.333333,528.3333333,14,6809,580,83,11.7,3.537,3.02,1,Social Sciences,0,0,0,0,1
10.1111/j.1467-9280.2008.02080.x,Photographs Depicting Motion,74,3,0.96039604,0.048780488,0,0,5,40,1,5.285714286,2,26,2,4,30,3,6,25,186,36,33.04,0.267399267,1,1,0.013,0,0,1,18,0,0,141.6666667,34,7110,472.3333333,14,6809,580,83,11.7,3.537,3.02,1,Social Sciences,1,0,0,0,2
10.1016/J.JUE.2004.03.001,Compensating differentials and the social benefits of the NFL ✩,100,2,2,0,0,0,18,22,1,5.555555556,2,6,0,0,81,8,17,29,141,69,50.16,0.324585137,1,0,1,0,0,0,0,1,0,109.5,32,4329,374.5,18,1082,187,75,5.8,2.492,2.823,1,Social Sciences,0,0,0,9,0
10.1111/j.1467-9280.2008.02052.x,The Threat of Appearing Prejudiced and Race-Based Attentional Biases,93,2,0.782178218,0,0,0,6,24,1,6.642857143,0,12,4,4,58,11,10,36,438,122,20.25,0.347318841,0,5,0.05,0,0,1,0,1,1,104.5,38,7268,386,14,6809,580,83,11.7,3.537,3.02,1,Social Sciences,0,8,1,1,2
10.1111/j.1467-9280.2008.02072.x,Where Do We Look During Potentially Offensive Behavior?,57,3,2,0.3,0,0,2,10,1,4.071428571,0,2,0,0,19,2,0,14,104,22,31.92,0.485442177,0,3,0.005,0,0,3,0,1,0,76.66666667,27,4088.666667,233,14,6809,580,83,11.7,3.537,3.02,1,Social Sciences,0,0,0,0,2
10.1111/j.1467-9280.2008.02064.x,The Comparative Value of Survival Processing,230,3,2,0.176470588,0,10,22,19,1,16.42857143,0,15,1,3,78,21,25,37,494,103,9.76,0.3875,1,1,0.82,0,0,0,0,1,0,59,23,3335,353.6666667,14,6809,580,83,11.7,3.537,3.02,1,Social Sciences,1,1,0.918295834,1,2
10.1111/j.1467-9280.2008.02045.x,The Value of Believing in Free Will Encouraging a Belief in Determinism Increases Cheating,371,2,0.217821782,0.115384615,1,30,46,26,1,26.5,1,10,0,6,215,26,55,97,1135,621,25.08,0.485,0,13,0.01,0,0,11,0,1,1,324,77,33667,1850,14,6809,580,83,11.7,3.537,3.02,1,Social Sciences,0,1,0,0,1
10.1111/j.1467-9280.2008.02050.x,Auditory Change Detection Simple Sounds Are Not Memorized Better Than Complex Sounds,37,4,2,0.043478261,0,0,6,26,1,2.642857143,2,17,3,2,21,7,6,15,81,24,45.29,0.335920635,0,7,0.001,0,0,4,0,1,0,52,16.25,1258.25,65.75,14,6809,580,83,11.7,3.537,3.02,1,Social Sciences,1,2,0.811278124,1,7
10.1111/j.1467-9280.2008.02084.x,Keeping One's Distance The Influence of Spatial Distance Cues on Affect and Evaluation,264,2,0.920792079,0.028571429,2,18,16,35,1,18.85714286,5,28,0,5,128,10,12,47,254,86,23.29,0.425865801,0,0,1,0,0,0,0,1,1,135.5,52.5,30038.5,1630.5,14,6809,580,83,11.7,3.537,3.02,1,Social Sciences,0,0,0,0,3
10.1111/j.1467-9280.2008.02088.x,Hedonic and Instrumental Motives in Anger Regulation,199,3,2,0.2,0,16,7,21,1,14.21428571,0,12,2,0,89,10,7,54,1188,251,22.45,0.409693878,0,5,0.001,-1,0.049,5,10,0,0,252.6666667,62.33333333,37860.33333,2918.666667,14,6809,580,83,11.7,3.537,3.02,1,Social Sciences,1,0,0.918295834,0,2
10.1111/j.1467-9280.2008.02056.x,"Creating Social Connection Through Inferential Reproduction Loneliness and Perceived Agency in Gadgets, Gods, and Greyhounds",342,4,0.910891089,0.125,0,31,21,63,1,24.42857143,4,27,0,2,106,17,5,42,372,113,25.53,0.474498747,0,7,0.01,-1,0.28,5,99.98,0,1,207,60.75,34704.25,1830,14,6809,580,83,11.7,3.537,3.02,1,Social Sciences,0,0,0,1,1
10.1111/j.1467-9280.2008.02100.x,''In-Group Love'' and ''Out-Group Hate'' as Motives for Individual Participation in Intergroup Conflict A New Game Paradigm,224,3,2,0.102564103,0,19,17,38,1,16,7,33,3,1,85,16,19,34,260,89,29.25,0.372727273,0,0,1,0,0,0,0,1,1,66,30,4757.333333,263.3333333,14,6809,580,83,11.7,3.537,3.02,1,Social Sciences,1,9,0,1,1
10.1002/(SICI)1099-1255(200001/02)15:1<59::AID-JAE544>3.0.CO;2-1,ASYMPTOTICALLY PERFECT AND RELATIVE CONVERGENCE OF PRODUCTIVITY,115,3,0.712871287,0.037037037,0,0,19,28,1,5.75,0,0,0,0,67,3,44,32,72,34,25.39,0.465714286,0,0,1,0,0,0,0,1,1,381,48.5,10911.5,838,20,225,112,56,2,0.872,0.483,1,Social Sciences,0,0,0,5,0
10.1111/j.1467-9280.2008.02070.x,A Word-Order Constraint on Phonological Activation,20,3,0.930693069,0.076923077,0,0,5,24,1,1.428571429,1,12,0,1,8,3,4,8,37,13,38.32,0.233333333,0,7,0,0,0,3,0,1,1,222.6666667,50.66666667,14770.66667,918.3333333,14,6809,580,83,11.7,3.537,3.02,1,Social Sciences,0,6,0,2,0
10.1111/j.1467-9280.2008.02060.x,The Best Men Are (Not Always) Already Taken Female Preference for Single Versus Attached Males Depends on Conception Risk,29,2,2,0,0,0,1,20,0,2.071428571,0,1,0,0,9,0,1,5,49,47,31.75,0.443190476,0,12,0.0001,0,0,4,0,1,1,48,13,968.5,61,14,6809,580,83,11.7,3.537,3.02,1,Social Sciences,0,0,0,1,2
10.1111/j.1467-9280.2008.02044.x,Sensitivity to Object Viewpoint and Action Instructions During Search for Targets in the Lower Visual Field PSYCHOLOGICAL SCIENCE Research Article,9,2,2,0.176470588,0,0,3,16,0,0.642857143,1,11,1,0,5,1,2,4,43,3,36.63,0.296666667,0,26,-91,0,0,1,0,1,0,517.5,54.5,20674.5,1234,14,6809,580,83,11.7,3.537,3.02,1,Social Sciences,0,10,1,0,3
10.1111/j.1467-9280.2008.02227.x,With a Clean Conscience Cleanliness Reduces the Severity of Moral Judgments,312,3,2,0.0625,0,13,14,18,1,22.28571429,0,11,2,2,87,19,9,43,313,108,30.4,0.328703704,0,9,-90,0,90.97,0,22,1,0,30,10,2348,103,14,6809,580,83,11.7,3.537,3.02,1,Social Sciences,0,1,0.918295834,2,0
10.1111/j.1467-9280.2008.02085.x,What Do Cross-National Comparisons of Personality Traits Tell Us? The Case of Conscientiousness,139,4,2,0.096774194,5,6,12,30,1,9.928571429,5,19,5,7,61,7,8,50,460,231,2.04,0.506944444,0,4,0.01,-1,0.04,4,10,1,1,168,43.33333333,14257,817,14,6809,580,83,11.7,3.537,3.02,1,Social Sciences,1,6,0,2,0
10.1111/j.1467-9280.2008.02093.x,Personality Dominance and Preferential Use of the Vertical Dimension of Space,39,3,2,0.1875,0,0,1,64,0,2.785714286,9,30,7,6,10,1,1,12,85,35,13.48,0.429487179,0,5,0.01,0,0,4,0,1,0,114,30,5108.333333,240.6666667,14,6809,580,83,11.7,3.537,3.02,1,Social Sciences,0,5,0.918295834,0,2
10.1111/j.1467-9280.2008.02081.x,Detecting the Snake in the Grass Attention to Fear-Relevant Stimuli by Adults and Young Children,256,2,2,0,1,18,15,62,1,18.28571429,3,13,5,1,154,32,35,61,1323,546,54.52,0.36481685,0,3,0.01,-1,0.68,1,150.66,0,0,125,40.5,6390.5,379.5,14,6809,580,83,11.7,3.537,3.02,1,Social Sciences,0,4,1,0,2
10.1111/j.1467-9280.2008.02039.x,The Value Heuristic in Judgments of Relative Frequency,41,3,2,0,0,0,4,10,1,2.928571429,0,5,0,0,16,0,1,16,110,23,26.44,0.305208333,0,0,1,0,0,0,0,1,0,39.33333333,14.66666667,3040,150.6666667,14,6809,580,83,11.7,3.537,3.02,1,Social Sciences,0,0,0,0,1
10.1111/j.1467-9280.2008.02051.x,"Head Up, Foot Down Object Words Orient Attention to the Objects' Typical Location",130,3,0.207920792,0.086956522,0,0,12,42,1,9.285714286,0,31,0,0,60,8,14,32,217,87,12.77,0.343655604,0,13,-99,0,0,5,0,1,0,106.6666667,37.33333333,12071.33333,954,14,6809,580,83,11.7,3.537,3.02,1,Social Sciences,0,5,0.918295834,0,1
10.1257/AER.100.2.573,NBER WORKING PAPER SERIES GROWTH IN A TIME OF DEBT,1070,2,2,0.333333333,0,169,127,35,1,89.16666667,0,2,0,0,628,74,88,571,3070,1341,42.51,0.334107744,0,0,1,0,0,0,0,1,0,296.5,81,50065,3191,12,2443.63879,409.3111557,52.16094699,3.242881769,0.98393103,0.66700981,1.900272014,,1,2,1,2,7
10.1086/664820,NBER WORKING PAPER SERIES DO POWERFUL POLITICIANS CAUSE CORPORATE DOWNSIZING?,149,33,2,0.06557377,0,25,37,52,1,14.9,4,17,0,1,106,10,22,83,288,116,18.15,0.42982018,1,0,1,0,0,0,0,1,0,74.33333333,19,6775.333333,749,10,4225,322,85,13.1,7.204,18.476,1,Social Sciences,0,1,0.918295834,9,1
10.1257/AER.90.5.1209,Does Competition among Public Schools Benefit Students and Taxpayers?,510,0,2,0,0,22,63,41,1,23.18181818,0,1,0,0,289,11,53,104,785,337,28.98,0.315617284,0,0,1,0,0,0,0,1,0,119,45,11898,1014,22,2443.63879,409.3111557,52.16094699,3.242881769,0.98393103,0.66700981,1.900272014,,1,10,0,0,0
10.1257/AER.20140012,NBER WORKING PAPER SERIES MEDIA INFLUENCES ON SOCIAL OUTCOMES: THE IMPACT OF MTV'S 16 AND PREGNANT ON TEEN CHILDBEARING,123,3,2,0.041666667,0,33,20,43,0,17.57142857,0,8,1,1,100,6,22,128,883,255,51.58,0.192592593,1,0,1,0,0,0,0,1,1,85,31,6047.5,528.5,7,2443.63879,409.3111557,52.16094699,3.242881769,0.98393103,0.66700981,1.900272014,,0,0,1,4,8
10.1016/S2214-109X(14)70025-7,Association between economic growth and early childhood undernutrition: evidence from 121 Demographic and Health Surveys from 36 low-income and middle-income countries,106,6,2,0.230769231,0,14,11,26,0,13.25,0,0,0,0,62,14,11,78,566,145,36.12,0.367152778,0,12,0,-1,0,12,520,1,1,213.6666667,42.33333333,8721.666667,467,8,18978,454,98,41.8,11.557,8.845,4,Health Sciences,0,3,0,3,0
10.1111/J.1467-8381.2010.02044.X,Evolution of Education Premiums in Cambodia: 1997-2007*,9,2,0.752475248,0,0,0,2,18,0,0.75,0,2,0,1,5,1,1,7,248,25,35.98,0.437987013,1,0,1,0,0,0,0,1,0,49.5,13,920,57,12,86,72,42,1.2,0.532,0.214,1,Social Sciences,0,5,0,8,0
10.1016/J.JEDC.2012.02.003,NBER WORKING PAPER SERIES THE STOCK MARKET CRASH OF 2008 CAUSED THE GREAT RECESSION: THEORY AND EVIDENCE,74,1,2,0.064516129,4,0,13,42,0,7.4,6,20,1,12,47,7,9,56,288,110,55.34,0.317787879,1,0,1,0,0,0,0,1,0,134,38,6654,738,10,1311,516,63,2.5,1.232,1.154,1,Social Sciences,1,1,0,1,9
10.1093/QJE/QJR029,NBER WORKING PAPER SERIES WHY DO MOTHERS BREASTFEED GIRLS LESS THAN BOYS? EVIDENCE AND IMPLICATIONS FOR CHILD HEALTH IN INDIA,209,16,2,0.063829787,0,36,31,66,1,19,1,33,3,1,189,24,15,89,345,125,12.46,0.467361111,0,35,0.0004,0,0,22,0,1,0,72.5,24.5,4704.5,387,11,3811,161,86,23.7,12.035,31.348,1,Social Sciences,1,3,0,8,5
10.1007/s10887-005-4712-0,Growth Accelerations,486,2,0.930693069,0.037037037,0,-1,-1,27,0,28.58823529,-1,-1,-1,-1,-1,-1,-1,0,0,0,25.08,0.446875,0,0,1,0,0,0,0,1,1,-1,-1,-1,-1,17,294,48,75,6.1,3.499,3.492,1,Social Sciences,0,1,-1,-1,-1
10.1016/j.jpubeco.2005.02.003,The social costs of gun ownership,113,2,0.801980198,0.24,0,-1,-1,26,0,6.647058824,-1,-1,-1,-1,-1,-1,-1,0,0,0,44.14,0.441805813,1,0,1,0,0,0,0,1,1,-1,-1,-1,-1,17,3722,522,75,7.1,3.561,5.089,1,Social Sciences,1,0,-1,-1,-1
10.1257/POL.4.2.1,NBER WORKING PAPER SERIES MEASURING THE OUTPUT RESPONSES TO FISCAL POLICY,500,2,2,0,0,-1,-1,19,0,50,-1,-1,-1,-1,-1,-1,-1,0,0,0,32.63,0.38015873,0,0,1,0,0,0,0,1,0,-1,-1,-1,-1,10,1860,199,87,9.3,4.325,8.636,1,Social Sciences,1,0,-1,-1,-1
10.1023/A:1024223916710,"Optimal taxation, economic growth and income inequality",40,1,2,0.25,2,6,12,27,0,2.105263158,3,19,0,5,37,6,16,1,0,0,42.72,0.24,1,5,0,0,0,3,0,1,0,100,26,4163,219,19,886,334,75,2.7,1.473,0.844,1,Social Sciences,0,0,0,3,0
10.1257/AER.102.1.238,NBER WORKING PAPER SERIES MACROECONOMIC EFFECTS OF FINANCIAL SHOCKS,640,2,2,0,3,82,148,37,1,64,3,9,4,4,495,74,125,480,1358,649,43.83,0.231111111,1,0,1,0,0,0,0,1,1,76,26,6276.5,793,10,2443.63879,409.3111557,52.16094699,3.242881769,0.98393103,0.66700981,1.900272014,,0,1,0,3,9
10.1016/J.ECONLET.2003.08.003,A note on pro-poor growth,107,1,2,0,2,8,28,8,0,5.944444444,3,2,0,3,83,6,31,34,167,69,45.96,0.15,1,10,0,0,0,2,0,1,0,89,24,2151,180,18,5172,1619,54,3.2,1.085,0.683,1,Social Sciences,0,0,0,2,3
10.1257/aer.101.7.3221,The Slave Trade and the Origins of Mistrust in Africa,881,0,2,0,0,101,78,95,1,80.09090909,4,20,5,1,316,37,109,272,1163,429,38.66,0.29,0,0,1,0,0,0,0,1,0,103.5,33,8468,673.5,11,2443.63879,409.3111557,52.16094699,3.242881769,0.98393103,0.66700981,1.900272014,,1,0,0,9,2
10.1002/jae.851,JOURNAL OF APPLIED ECONOMETRICS,51,1,2,0,2,0,28,25,1,3.1875,2,18,1,3,46,10,29,12,68,30,25.8,0.498333333,0,0,1,0,0,0,0,1,1,59,25,2649,448,16,225,112,56,2,0.872,0.483,1,Social Sciences,1,0,0,9,4
10.1002/jae.944,Gravity models of intra-EU trade: application of the CCEP-HT estimation in heterogeneous panels with unobserved common time-specific factors,86,0,2,0,1,8,13,48,0,5.733333333,1,2,0,2,68,3,40,32,344,150,22.75,0.31984127,1,0,1,0,0,0,0,1,0,84,25,29451,3383,15,225,112,56,2,0.872,0.483,1,Social Sciences,0,0,0,0,0
10.1016/j.jmacro.2013.01.005,Estimating the elasticity of intertemporal substitution when instruments are weak,14,0,2,0,4,0,3,31,0,1.555555556,4,8,3,9,9,0,4,7,22,3,0,-1,-1,0,1,0,0,0,0,1,0,41.5,10,356,27,9,809,294,63,2.8,1.139,0.857,1,Social Sciences,1,3,0,0,0
"10.1016/j.jeconom.2010.03.040
",A spatio-temporal model of house prices in the USA,0,4,0.97029703,0,0,-1,-1,0,0,0,-1,-1,-1,-1,-1,-1,-1,0,0,0,31.25,0.412345679,1,3,0,1,0,0,50,1,0,-1,-1,-1,-1,0,2370,582,78,4.1,2.475,3.523,1,Social Sciences,1,1,-1,-1,-1
10.1257/aer.101.3.398,The Risky Steady State,70,0,2,0,1,13,13,10,0,6.363636364,1,3,0,2,55,2,33,35,429,136,56.55,0.340306122,1,0,1,0,0,0,0,1,0,46.66666667,17.66666667,3349,346.6666667,11,2443.63879,409.3111557,52.16094699,3.242881769,0.98393103,0.66700981,1.900272014,,0,0,0.918295834,0,0
10.1162/JEEA.2008.6.2-3.445,Are Muslim Immigrants Different in Terms of Cultural Integration?,99,4,0.712871287,0.076923077,0,7,18,11,1,7.071428571,0,4,1,1,90,8,10,57,197,93,35.68,0.414166667,0,0,1,0,0,0,0,1,0,221,47.75,10655.5,759.25,14,1455,254,78,5.7,3.135,5.535,1,Social Sciences,0,0,0.811278124,4,1
10.1080/1350485032000126712,Economic impact of national sporting success: evidence from the London stock exchange,88,2,2,0,0,4,27,6,0,4.631578947,0,5,0,0,77,20,18,7,22,0,30.88,0.261111111,1,0,1,0,0,0,0,1,0,73.33333333,15,1181,80,19,2359,1276,57,1.8,0.663,0.4,1,Social Sciences,0,0,0,3,0
10.3982/ECTA8827,On the Size Distribution of Macroeconomic Disasters,113,2,2,0.1,2,21,29,40,1,10.27272727,4,15,0,9,90,7,35,55,161,57,40.79,0.519897959,0,10,0.0209,0,0,10,0,1,0,67,22.5,13350.5,1358.5,11,2502,280,94,8.9,5.171,13.199,1,Social Sciences,1,3,0,4,10
10.2139/ssrn.560461,Inflation and the Distribution of Relative Prices: The Role of Productivity and Money Supply Shocks,1,1,2,0.054054054,0,-1,-1,38,0,0.090909091,-1,-1,-1,-1,-1,-1,-1,0,0,0,15.65,0.222424242,1,0,1,0,0,0,0,1,0,-1,-1,-1,-1,11,2443.63879,409.3111557,52.16094699,3.242881769,0.98393103,0.66700981,1.900272014,,1,0,-1,-1,-1
10.2139/ssrn.726695,"Fleshing Out the Monetary Transmission Mechanism: Output, Composition and the Role of Financial Frictions",2,0,2,0,0,-1,-1,0,0,2,-1,-1,-1,-1,-1,-1,-1,0,0,0,29.89,0.158843537,0,1,1,0,0,0,0,1,0,-1,-1,-1,-1,1,2443.63879,409.3111557,52.16094699,3.242881769,0.98393103,0.66700981,1.900272014,,1,0,-1,-1,-1
10.1002/jae.3950050408,On efficient estimation with panel data: An empirical comparison of instrumental variables estimators,40,0,2,0,0,0,2,6,0,1.25,0,0,0,0,27,2,16,4,11,2,35.2,0.135714286,0,0,1,0,0,0,0,1,0,175,33.5,10441.5,859,32,225,112,56,2,0.872,0.483,1,Social Sciences,0,1,0,0,0
10.3386/w14217,"NBER WORKING PAPER SERIES FINANCIAL STABILITY, THE TRILEMMA, AND INTERNATIONAL RESERVES",47,8,2,0.183333333,1,23,35,65,1,3.916666667,1,8,0,1,193,24,27,223,1240,448,12.77,0.2953125,0,0,1,0,0,0,0,1,0,181.3333333,49,18891,1215,12,2443.63879,409.3111557,52.16094699,3.242881769,0.98393103,0.66700981,1.900272014,,1,0,0,6,10
10.1002/jae.744,Learning about heterogeneity in returns to schooling,30,0,2,0,3,0,7,44,1,1.666666667,5,20,2,7,17,3,17,7,10,2,2.79,0.393454545,1,0,1,0,0,0,0,1,0,53.5,15.5,1408,94,18,225,112,56,2,0.872,0.483,1,Social Sciences,1,0,0,0,0
10.1002/jae.3950040504,Diagnostic tests for models based on individual data: a survey,223,0,2,0,0,0,26,71,0,6.757575758,0,0,0,0,58,6,96,14,75,28,41.9,0.51366342,0,0,1,0,0,0,0,1,0,102,35.5,11628,874.5,33,225,112,56,2,0.872,0.483,1,Social Sciences,0,1,0,0,0
10.3386/w14875,NBER WORKING PAPER SERIES RISK MATTERS: THE REAL EFFECTS OF VOLATILITY SHOCKS,37,10,2,0.157894737,0,-1,-1,0,0,3.083333333,-1,-1,-1,-1,-1,-1,-1,0,0,0,40.18,0.410416667,1,0,1,0,0,0,0,1,1,-1,-1,-1,-1,12,2443.63879,409.3111557,52.16094699,3.242881769,0.98393103,0.66700981,1.900272014,,0,0,-1,-1,-1
10.1111/j.1540-6237.2009.00618.x,Same-Sex Marriage and Negative Externalities,30,0,2,0,0,0,1,16,0,2.307692308,0,0,0,0,10,1,2,7,49,2,28.17,0.404761905,0,15,0.01,0,0,10,0,1,0,42,13.5,1346,63,13,1157,629,53,1.8,0.997,0.591,1,Social Sciences,0,0,0,7,0
10.2307/145241,"Internal-External Attitudes, Personal Initiative, and the Labor Market Experience of Black and White Men",24,0,2,0,0,0,1,0,0,1.5,-1,-1,-1,-1,11,3,0,13,0,0,30.88,0.518,1,0,1,0,0,0,0,1,0,22,12,1282,44,16,2443.63879,409.3111557,52.16094699,3.242881769,0.98393103,0.66700981,1.900272014,,0,0,0,0,0
10.1111/j.1468-0297.2012.02529.x,     ,60,1,2,0,2,6,2,75,1,6,4,54,4,11,25,2,5,29,271,131,11.25,0.360277778,0,0,1,0,0,0,0,1,0,41.5,16,1195.5,102,10,2645,350,86,7.6,3.157,5.108,1,Social Sciences,0,0,0,0,0
10.1002/jae.1141,Simulation Estimation of Two-Tiered Dynamic Panel Tobit Models with an Application to the Labor Supply of Married Women,25,1,2,0,8,0,4,31,1,1.923076923,9,11,1,16,10,1,10,6,66,37,23.05,0.344191919,0,0,1,0,0,0,0,1,0,18,6,177,9,13,225,112,56,2,0.872,0.483,1,Social Sciences,0,0,0,9,0
10.3386/w18492,NBER WORKING PAPER SERIES THE SHORT-RUN AND LONG-RUN EFFECTS OF BEHAVIORAL INTERVENTIONS: EXPERIMENTAL EVIDENCE FROM ENERGY CONSERVATION,26,26,2,0,0,-1,-1,0,0,2.6,-1,-1,-1,-1,-1,-1,-1,0,0,0,43.93,0.336904762,1,0,1,0,0,0,0,1,1,-1,-1,-1,-1,10,2443.63879,409.3111557,52.16094699,3.242881769,0.98393103,0.66700981,1.900272014,,0,0,-1,-1,-1
10.3386/w0579,"Social Security, Induced Retirement, and Aggregate Capital Accumulation",1,2,2,0.090909091,0,0,1,14,1,0.066666667,0,1,0,1,11,1,1,35,23,8,22.45,0.282251082,0,0,1,0,0,0,0,1,0,577,97,29026,1502,15,2443.63879,409.3111557,52.16094699,3.242881769,0.98393103,0.66700981,1.900272014,,0,0,0,0,0
10.2307/145802,The Labor Force Participation Behavior of Married Women under Conditions of Constraints on Borrowing,5,0,2,0,0,0,1,6,0,0.3125,0,0,0,0,2,0,0,8,0,0,31.72,0.41489899,1,0,1,0,0,0,0,1,0,9,5,181,7.5,16,2443.63879,409.3111557,52.16094699,3.242881769,0.98393103,0.66700981,1.900272014,,0,0,0,0,0
10.1257/pol.6.1.167,Stimulating Local Public Employment: Do General Grants Work?,20,0,2,0,6,9,4,42,1,2.5,7,26,3,8,16,2,7,27,208,101,26.4,0.41100713,0,0,1,0,0,0,0,1,0,46.66666667,15.33333333,1627.333333,114,8,1860,199,87,9.3,4.325,8.636,1,Social Sciences,0,0,0.918295834,0,0
10.1257/000282802762024601,Learning-by-Doing as a Propagation Mechanism,128,0,2,0,0,-1,-1,20,0,6.4,-1,-1,-1,-1,-1,-1,-1,0,0,0,12.26,0.390277778,1,0,1,0,0,0,0,1,0,-1,-1,-1,-1,20,7024,467,88,15,7.901,20.361,1,Social Sciences,1,0,-1,-1,-1
